player,elo_global,elo_clay,elo_hard,elo_grass
Sinner J.,2288.512293109127,1885.1854833644397,2255.6426055864995,1956.8058876860284
Alcaraz C.,2260.41461469937,2029.973249594002,2109.271533745688,2016.1192429533774
Djokovic N.,2080.0860080992325,1959.0806242369256,2053.4550556415375,2109.461026267049
Soderling R.,2010.7776582303693,1875.6132429243203,1963.2768861291186,1758.1457977695502
Federer R.,1993.3844074546887,1897.14748094211,2037.9401359786164,2018.83712449886
Auger-Aliassime F.,1940.928393970013,1636.0396569237037,1910.4556078467715,1598.4347806594983
Zverev A.,1931.6027070366451,1859.4675225326203,1928.36154519006,1726.6133733335762
Nadal R.,1924.3372254320527,2038.774280424882,1942.9861646797642,1925.9604893323983
Bautista R.,1911.8566106594158,1665.2758065491762,1872.4879485451268,1687.4316115635083
Del Potro J.M.,1908.7348641045262,1787.3697793059337,1984.5960744983558,1778.3097263990837
De Minaur A.,1900.8106387994023,1704.551114865958,1864.7993851354413,1776.6247454393367
Fritz T.,1897.443513839958,1668.399704133794,1834.0260378749388,1861.3482205397
Draper J.,1894.4701121291,1638.1783914650393,1906.4338170423753,1676.6129736070363
Bublik A.,1871.4573404857135,1659.955861971575,1721.9075492285053,1728.9320237196362
Musetti L.,1855.1990014897622,1828.0082098571565,1766.696137309411,1706.6919398623618
Medvedev D.,1851.6179936837993,1708.8332336783237,1843.02565600406,1771.504524067934
Shelton B.,1851.4971954499406,1618.6621139616532,1807.1927659939524,1635.0337261094662
Roddick A.,1850.2315838317522,1614.6109080213148,1818.4331255800698,1832.7561451691756
Dimitrov G.,1848.4251542135228,1719.5502527367307,1829.270018419485,1718.52384308464
Paul T.,1838.2815847283043,1705.8054009874013,1764.950780313685,1700.461403147607
Fils A.,1836.7263010524487,1695.1689911074645,1748.5748283828893,1593.7048601250144
Kyrgios N.,1829.5271643737442,1640.8762038743212,1781.0750564762031,1811.3003436588922
Agassi A.,1817.4893866264895,1650.587613233039,1834.4559717917698,1615.6326802600329
Lehecka J.,1815.9270702589977,1609.3825564152728,1778.5342172828282,1641.1075336229844
Tien L.,1803.0838935167003,1464.1799268823963,1772.8642442566406,1520.4268928283918
Ruud C.,1798.6575025655748,1852.2226004021027,1718.2724708050664,1487.6536456449578
Rune H.,1790.4965808264908,1747.6488792966893,1798.2431318812187,1619.1913351827473
Davidovich Fokina A.,1789.433546674734,1634.6508725203282,1745.6781891129672,1580.2762185613037
Hurkacz H.,1787.8798301499057,1689.4854389755872,1762.245252584982,1704.748768497453
Sampras P.,1783.1286200203199,1470.9698571371634,1809.6898538877253,1565.9570046471933
Norrie C.,1778.0379826219137,1707.952883569331,1693.3045991746408,1713.523317383698
Raonic M.,1774.7318182847753,1751.2561972311619,1774.1264174375008,1749.6355480869122
Munar J.,1766.7235096762997,1555.95575328802,1685.220311917127,1527.7674314672822
Fonseca J.,1763.3314394112429,1609.526839790011,1685.487907618725,1527.5654565243087
Ancic M.,1757.5798156199326,1673.5094886764125,1748.3681193287464,1837.867562317221
Rinderknech A.,1755.7579517352874,1527.909694583625,1703.6137010807317,1577.9040585908297
Rafter P.,1755.6629267337821,1482.9072579089434,1712.8867521152506,1636.5579365919139
Khachanov K.,1754.6375826799247,1722.9024741543062,1700.7068473844413,1701.7344311075371
Humbert U.,1753.9448907248652,1438.9067124897185,1797.17886106061,1587.0665259032035
Brooksby J.,1752.6143653021752,1547.0314898350343,1688.5667532600746,1600.4652436099936
Rublev A.,1752.0553736071727,1747.8614086802959,1685.7932082549032,1713.9650313404015
Berrettini M.,1747.9128798956883,1819.1466563094282,1702.1638301758721,1776.6874997052166
Cobolli F.,1746.4181713139108,1706.7842643912018,1615.6597110481107,1650.1839718974802
Fucsovics M.,1745.587385642331,1615.2128460392928,1665.6653536234364,1655.421106126362
Nalbandian D.,1744.9867393960114,1708.6273905308306,1752.4626080478686,1688.8116418191273
Fish M.,1740.0154918053927,1534.3469125552563,1713.9790766979838,1794.3602929348785
Dolgopolov O.,1735.424443566817,1675.6576441166674,1706.1636731046244,1579.938466785683
Korda S.,1730.5456395685299,1600.9030877369262,1700.5049594862796,1640.703344183023
Moutet C.,1722.7936302782036,1535.9433267625668,1668.8563664268847,1594.4243507146596
Berdych T.,1722.49847584494,1745.9533936637724,1747.5579379116657,1790.4654439999797
Mensik J.,1721.7098942942116,1573.615950357411,1734.0453345088513,1537.037037246263
Chung H.,1719.677861119922,1601.811070783491,1685.916768763079,1470.2456480175176
Cerundolo F.,1716.4085224494866,1707.4465599278665,1694.1744093607156,1456.7183871156851
Escude N.,1710.0241157448227,1495.076421650582,1679.135483257002,1562.439639369176
Tiafoe F.,1709.2780021180436,1624.2721584887458,1681.5060980292196,1610.8234250574276
Kokkinakis T.,1708.5053747942638,1530.576273645009,1674.5969249331652,1544.0921308821207
Diallo G.,1703.1882444765197,1552.9966771137374,1604.1040857139214,1604.2836588945854
Vacherot V.,1701.2644812065976,1468.4287096258863,1704.3947404796943,1500.0
Struff J.L.,1700.4158453924244,1623.8729167953109,1621.087961235728,1643.7344918220904
Shapovalov D.,1695.0387021408283,1571.5945652733933,1717.5347153414693,1546.1039452875814
Mannarino A.,1694.6927054683686,1343.049655325142,1653.0141368230627,1615.329029883088
Cilic M.,1693.5387894481785,1669.0187762940325,1637.5803771279623,1815.1150699004795
Stepanek R.,1691.5050292638061,1608.8087480365468,1633.9958696728456,1652.1247452028322
Safin M.,1689.0255532718782,1581.2883303446583,1673.5968750502875,1721.277425247526
Rios M.,1684.793440636371,1552.3443676973666,1694.3068638801376,1500.0
Bergs Z.,1684.0751467860646,1490.796146132385,1675.1937622806838,1463.6983206686814
Nishikori K.,1683.643237347309,1745.3212909694114,1693.4194633999557,1689.5366817027855
Griekspoor T.,1682.3278280448071,1605.292224527427,1646.595149779796,1643.7564171231375
Borges N.,1679.8813940520906,1612.185297408222,1636.502629223253,1490.3729635458824
Johansson J.,1676.0964804866771,1422.1237165090347,1691.782478497462,1571.8592359684949
Tabilo A.,1675.076446627833,1556.25099841015,1626.179760597246,1589.3622803087576
Popyrin A.,1674.8639000403662,1594.0464175176435,1646.0634213583878,1443.0560986079065
Ferrero J.C.,1674.698159468778,1687.9663607477576,1658.9795140164315,1697.5790738209537
Marozsan F.,1674.5396727389978,1572.8005489807992,1647.116008701231,1451.4079362892614
Sonego L.,1673.439838393948,1522.371631906553,1647.1065946318927,1630.1233846241169
Janowicz J.,1669.4964041061191,1502.659075909897,1639.0781377574324,1642.7647043325592
Ferrer D.,1668.7037301177138,1703.1691847303694,1688.8535749475004,1620.1681368447867
Nakashima B.,1668.3999965326748,1532.581133545472,1632.990508552418,1627.544115971696
Benneteau J.,1666.9303079358292,1505.0858375467549,1627.0923384597597,1556.8127640854393
Ljubicic I.,1666.1035261068068,1685.2671527714367,1630.474207196847,1571.8546082897487
Tsitsipas S.,1665.3140438399723,1826.9080349646435,1680.6003167209915,1561.7887092717708
Hanfmann Y.,1664.71360606396,1568.77929387099,1611.187062885053,1475.8725198732259
Machac T.,1663.6198731853297,1537.955437135836,1692.7030236002863,1515.6136233145126
Thompson J.,1662.6471974497217,1425.1289368284733,1675.1507521459516,1647.7453469379454
Gonzalez F.,1661.815867567412,1748.0847143718197,1683.8346288523182,1661.3778533374411
Monaco J.,1660.744844708484,1678.355976256735,1601.9910704595432,1524.8942441795593
Mahut N.,1657.1774568198,1495.7127659585879,1586.1720300080533,1650.5215883990331
Bonzi B.,1656.3405312475493,1472.7957945185076,1640.3691893700357,1497.8219088283392
Melzer J.,1654.888204497508,1576.5677682841588,1617.2946824461328,1631.4211478678706
Bautista Agut R.,1650.026735342495,1574.0054873775034,1538.263265489435,1675.7669721418943
Kiefer N.,1649.2206081430122,1589.5338705719557,1690.780244704583,1579.016273287287
Mpetshi G.,1645.5094748758224,1496.521799135395,1626.8860839067363,1526.6891027727788
Altmaier D.,1645.3828197514288,1539.6343502121856,1608.298583438437,1431.8969737467498
Philippoussis M.,1642.6043043710088,1503.2187086344643,1465.603629786683,1730.683523121733
Etcheverry T.,1639.802943939806,1594.195189373187,1620.6978853058285,1426.365710448987
Majchrzak K.,1637.6147160382877,1467.1484820143382,1579.7068369736214,1564.3219859350652
Cazaux A.,1635.7605106078447,1517.0734848357822,1570.156365482474,1511.5268938184615
Mmoh M.,1635.1161666365215,1459.8760225450003,1647.1406041665177,1483.7553730127788
Van De Zandschulp B.,1634.8647764737107,1543.7359217256865,1617.1991657945239,1533.2130856382585
Herbert P.H,1633.4047914899147,1512.2096109393422,1606.1501288122681,1500.0
Almagro N.,1633.2193425458497,1669.482682921704,1594.4161189868505,1531.33367782007
Wu Y.,1633.064441312373,1490.9758829110758,1638.6629540090069,1471.276612765199
De Jong J.,1632.605073661689,1579.4530058556875,1553.264523617285,1465.7150174189596
Monfils G.,1629.7080002039104,1557.8595685537477,1700.5965016639211,1593.5867617634815
Opelka R.,1628.8122573050782,1533.12662245301,1631.2516063086962,1543.291950399231
Simon G.,1626.0138617467528,1521.247109807534,1602.841324766144,1545.011063077243
Novak J.,1625.1283080736753,1572.5068698458454,1652.4614091403953,1529.5602350337679
Ruusuvuori E.,1624.8137180129952,1465.3140679721234,1637.5443119272707,1541.0913312698412
Molcan A.,1623.3432854004363,1632.715183487314,1563.222706710864,1496.5685445613617
Chardy J.,1621.4954193917624,1553.138956995313,1702.068516771822,1509.6453089661431
Evans D.,1620.337190851571,1449.3317229981155,1591.5277963667816,1540.7514268577
Watanuki Y.,1619.8943839856063,1511.8921102915092,1584.1930204286487,1524.668874759027
Muller A.,1618.9188217293456,1579.5801898600973,1569.3473838123393,1498.824737077558
Medjedovic H.,1616.844760816113,1499.0668498229008,1595.3041448433146,1480.7823311770017
Hernych J.,1616.052783865692,1450.647204896492,1549.518925853861,1546.630917895791
Carreno Busta P.,1615.332963328946,1623.9283766412152,1636.2433999330121,1449.6823595092105
Shang J.,1614.9603052573889,1457.4602788020848,1586.2905597941524,1540.9232663713394
Michelsen A.,1612.4795506322198,1446.7399875196493,1614.8384834201051,1572.1569699407241
Dent T.,1611.7729734896554,1444.170615631697,1605.9392120240623,1528.0709271322614
Darderi L.,1609.7047779146433,1691.8043026691475,1428.523643160854,1499.75458150648
Bolelli S.,1609.6622883226705,1595.5831748795279,1514.1421257485827,1587.7008281451756
Kecmanovic M.,1608.352589634489,1554.9639839263925,1586.0087451778961,1577.3631612782867
Baghdatis M.,1606.019833732954,1432.545816386894,1617.3117261715327,1574.6526957689264
Anderson K.,1605.7633387158537,1654.422212625192,1570.993363835286,1815.6018870668454
Acasuso J.,1605.7319386427037,1638.7182376616424,1518.8005061962072,1314.9550235623738
Giron M.,1605.2862450911437,1493.9252370596116,1577.0621784829602,1607.990593154985
Llodra M.,1604.8664508532065,1504.412672394805,1604.8714914432621,1611.7010541989587
Pospisil V.,1604.6862362299498,1384.4150763129337,1600.140141616497,1470.4436720470708
Henman T.,1603.7663963213731,1583.6198537349023,1627.1247772507115,1681.6496006303344
Comesana F.,1602.8060518699467,1536.7722650093676,1538.1582689408447,1508.467519811651
Arnaldi M.,1602.3256064105003,1621.4552156121765,1596.139900761055,1422.2420731472866
Puerta M.,1601.802388076949,1654.7919891535535,1477.8575429734328,1411.4090709167117
Donaldson J.,1601.6107419029179,1471.793231148845,1591.8984961626397,1473.9883681154945
Johansson T.,1601.0475567260094,1456.9170866483705,1584.8351162451252,1597.9746839083095
Zemlja G.,1600.9467002047033,1524.009682126026,1517.342072433355,1533.381446741038
Carreno-Busta P.,1596.7923397128466,1566.6295576238444,1506.2201128995941,1455.3606604577806
Zeballos H.,1595.6984443522683,1568.876869608767,1527.789904216857,1357.7439819508934
Stricker D.,1594.2021796159952,1491.4984260412748,1583.6640652887274,1501.4041756894062
Kafelnikov Y.,1592.7444652502963,1582.9880613149664,1587.1018465320456,1587.694703642326
Isner J.,1591.658720237286,1650.1894934138613,1590.596495152597,1680.0454639045367
Seyboth Wild T.,1591.5007231619304,1551.2300451214965,1519.9707136510542,1509.6607752888012
Millman J.,1590.8212009949393,1482.959909078588,1580.5968318270309,1514.5129257476294
Moodie W.,1590.4542598903022,1459.639443608583,1589.379811374506,1506.778725800013
Sweeting R.,1590.0867424102464,1531.7530408243722,1512.723572767176,1477.603675586137
Cerundolo J.M.,1589.8608083655513,1537.9625450621586,1546.7400597902313,1479.9316090071588
Garin C.,1589.4388698887337,1581.3729871936441,1575.4764212245643,1580.4354342057413
Ferreira W.,1588.627145696993,1518.635049954844,1558.283818936684,1566.2015441091694
Ymer M.,1587.7526393469047,1506.153522290591,1565.2737039967024,1548.0169716587623
Royer V.,1587.624611142086,1478.9854024642264,1573.0007768955313,1515.0992461762128
Santoro F.,1587.46943548429,1401.6217818437583,1562.8932535097024,1663.6099122630926
Ramos A.,1587.403045718068,1582.4421939469269,1458.485121631834,1477.141121514373
Arthurs W.,1586.805982996717,1439.3831753118936,1552.5843976612146,1526.6878260065785
Hewitt L.,1585.5149362258858,1614.9553431646714,1630.406810666147,1667.0209961371381
Krajicek R.,1585.4977028807607,1512.3377708771566,1510.088750735527,1570.7308903313995
Vavassori A.,1585.0029172711618,1541.0948203386693,1540.1935495321657,1465.302825946464
Sock J.,1583.4818834578346,1580.7745472801432,1560.705063155932,1572.628434505467
Shevchenko A.,1580.506133674905,1533.0847344174895,1560.0624201922556,1434.3818366195476
Koepfer D.,1579.709996838029,1534.7940356252836,1589.4806660772072,1448.4950988295984
Roger-Vasselin E.,1578.8669705868601,1472.6203077571365,1587.2024809274926,1503.1673929407807
Fearnley J.,1578.7416389116972,1562.2036012656783,1512.3126701234619,1493.3027533198301
Davydenko N.,1578.7019127340168,1548.22576161055,1646.466609332445,1463.7785447312785
Harris L.,1578.6061473235097,1451.8701537872496,1575.5246799993752,1508.1515815764221
Kwon S.W.,1578.40917359042,1501.8760253691262,1575.513351663704,1463.9289485088696
Harrison R.,1578.0217975736755,1465.6873949086514,1580.9625335634514,1437.7496287031775
Murray A.,1577.6431785725963,1825.6447021846072,1611.3514035063206,1727.3351207039345
Van Rijthoven T.,1577.3054644608153,1500.0,1460.406764434669,1615.4702050778876
Karatsev A.,1577.2964798993446,1520.7140236190608,1563.840136198122,1476.2888610152509
Gigante M.,1576.7992476879892,1531.8379393421928,1509.7539066795223,1500.0
Bellucci M.,1576.0438466598605,1472.0999886283043,1544.7157281578695,1518.4663564727607
Bachinger M.,1575.9229148205286,1466.580126037544,1552.6316615239548,1438.382335872833
Kuznetsov An.,1575.5619018286059,1575.8581484957645,1544.4628232995565,1500.6669156241962
Sela D.,1575.2162188294371,1369.1510014080018,1541.5925346911374,1599.2446585602202
Hanescu V.,1574.3096018312838,1617.0086668016231,1473.3947692155505,1473.8352487743282
Blake J.,1574.2924673713858,1529.0739682340698,1601.3387765068496,1486.3018485372772
Vukic A.,1573.918334315419,1438.678816196115,1552.2043584015853,1523.714565025871
O Connell C.,1573.3034200831933,1457.428108065757,1589.4289763753084,1473.5477190994998
Purcell M.,1572.9807584762707,1466.9916635122636,1532.015048409671,1499.0157357745895
Herbert P.H.,1572.4849209454073,1516.493153994803,1604.9864331032202,1532.2252936011428
Brouwer G.,1571.6422180706504,1511.5025532863597,1534.7331853310475,1504.7076908312442
Kohlschreiber P.,1571.1120879545933,1601.7243305895247,1588.1632747477422,1577.2111357411768
Schalken S.,1570.494226606964,1544.5269960927922,1551.938167711977,1730.6847266649643
Gil F.,1570.1698480944383,1541.811109795459,1552.8351840307275,1394.5463842136212
Berankis R.,1569.9942582588883,1429.1873304693936,1584.0902914130859,1399.0326240494667
Jarry N.,1569.6013062916002,1549.741760719767,1527.917511836583,1594.2301375447203
Kym J.,1569.4546418058912,1509.0631732162533,1547.57775876578,1500.0
Djere L.,1568.719640837974,1646.4135110876985,1542.328807817292,1433.843380243444
Navone M.,1568.1726294809698,1611.515658770132,1455.8327171151404,1456.4539905038218
Suzuki T.,1568.1313841004435,1500.0,1566.502805758727,1484.9172249876747
El Aynaoui Y.,1567.990265364188,1580.9367661421322,1538.122980036281,1535.4862836118436
Del Potro J. M.,1567.068569374186,1546.0565130840382,1500.0,1500.0
Martin T.,1566.326003734052,1481.7509326547122,1568.9703732207515,1606.078255792102
Tsonga J.W.,1566.2717092210871,1625.3064941037082,1652.9019103788874,1728.259126560781
Ivashka I.,1565.3480680547884,1504.284697917656,1586.486472734995,1547.1533354673413
Galan D.,1563.610611809191,1530.150418915203,1500.0,1500.0
Rufin G.,1563.421898162254,1471.832598971578,1541.2794113635166,1483.4382897840555
Squillari F.,1563.2172018555098,1538.610506840701,1496.0757133711106,1416.964200065953
Barton M.,1562.3897838424143,1503.5058397268353,1537.9228403459042,1510.7481385070434
Riedi L.,1561.4697562395763,1488.1434573120716,1574.8376501870566,1470.0
Arazi H.,1561.1096218384225,1433.9011377010297,1567.7296350695026,1567.5730161463202
Vesely J.,1560.5477973587647,1494.3023883822254,1528.945857618624,1612.591050091393
Malisse X.,1560.4685843275813,1456.266040251757,1527.4524374034709,1727.994447758113
Koubek S.,1560.2702970302498,1475.7805115188123,1611.2300261763728,1386.163132877326
Krajinovic F.,1560.058662208379,1536.202243532847,1572.265341322779,1531.0692067393366
Mcdonald M.,1559.3925245410885,1424.6357563002173,1600.4414388738503,1540.8339846420138
Pouille L.,1558.9734096148231,1514.6843392460414,1571.0146079231602,1636.4715101527993
Kubot L.,1558.4496385859431,1515.563770194101,1439.155773559757,1606.8787105934284
Safiullin R.,1558.1496244007901,1460.0540950982715,1602.5168269839153,1520.9853111428988
Kucera K.,1557.5820503406192,1396.356221137177,1570.6738139367276,1538.0048396787154
Misolic F.,1556.2733865797145,1581.5415339021617,1470.2708578468512,1478.210763793397
Goffin D.,1555.740735068764,1586.6163054780707,1540.1299993998796,1594.6983924506442
Hsu Y.,1555.182608924331,1500.0,1547.9669526269272,1500.0
Srichaphan P.,1555.034400991463,1335.3061736315494,1571.1411016741222,1550.7091044392514
Svrcina D.,1555.012719314216,1487.1156252525755,1549.1406620056805,1500.0
Broady L.,1554.6207492435583,1473.2795284130223,1554.2104725162808,1462.3239357633427
Sluiter R.,1554.5642093992258,1493.9712997159054,1463.5464692737162,1544.5468431873915
Moya C.,1554.4025514413468,1628.4136148765574,1577.347405139682,1538.883741421343
Brown D.,1554.1604763326015,1478.8164004916766,1508.0954560963908,1580.0386292295811
Muller G.,1554.1334939233361,1493.576095950578,1553.6061300196163,1705.7901586164664
Schwank E.,1554.007187203301,1544.8632726622411,1462.6253239097468,1393.039075008178
Varillas J. P.,1553.3694693764232,1547.482252771741,1482.4403767728056,1500.0
Bjorkman J.,1552.7431806186817,1435.7542328820628,1496.1071755751032,1672.8220292764438
Eubanks C.,1552.374525518032,1474.6031053911502,1511.9707814869435,1562.9806762195499
Johnson S.,1552.2258214097985,1573.0968705037612,1517.022990063796,1616.2719074515608
Copil M.,1551.406317816352,1395.6277627395764,1585.6572123645142,1427.6388408016358
Lu Y.H.,1551.0334478026944,1417.2317549422196,1536.3202478728092,1569.5519282925702
Nishioka Y.,1550.5508086267657,1503.6603539080072,1549.6861174896574,1405.772907994777
Mantilla F.,1550.308229526362,1602.1254756319852,1443.2138222724038,1440.0657438986511
Ebden M.,1548.9254400153486,1370.3988605031504,1562.713234138119,1499.3076057186881
Costa A.,1548.871952471834,1570.5966313568001,1495.7759323856603,1464.7935225292786
Rusedski G.,1548.7150920891224,1425.25466086532,1587.9002584379573,1662.931712799054
Duckworth J.,1548.5435132631187,1408.106195719443,1523.2394116805788,1483.7556569093151
Kovalik J.,1548.2269081688773,1526.181070467313,1442.797165988506,1457.0636129934285
Spizzirri E.,1548.1225822583342,1500.0,1529.5932528802923,1485.3875503704687
Agamenone F.,1547.8672028990159,1524.439536218306,1500.0,1500.0
Edmund K.,1547.6669231280164,1548.2202473879818,1588.5418059883682,1522.2120614865917
Olivieri G.,1547.392963906334,1529.1722330568673,1500.0,1500.0
Bolt A.,1547.3524034718998,1500.0,1535.5030104446528,1399.4008740150905
Gregorc L.,1547.1942864738744,1500.0,1541.599676818246,1472.1932936913595
Virtanen O.,1546.888993856664,1486.8451666836115,1484.6141533804266,1505.9680853013676
Holmgren A.,1546.8489246692745,1500.0,1486.0748036983427,1552.3605650434595
Clement A.,1546.3831538076925,1464.6272121244165,1521.9192101961362,1529.169483620687
Robredo T.,1546.2543305896704,1547.3464778736648,1625.5840592639079,1579.2241288223743
Tomic B.,1545.995114249247,1427.0054551696062,1573.4295204648176,1599.1702567254135
Gerasimov E.,1545.8012253853726,1468.3777745398934,1509.3618192525605,1523.352688678357
Klein L.,1545.0840159829727,1496.6474428021768,1529.4049734675739,1464.3139855090064
Nieminen J.,1545.031806129087,1542.1501026269336,1544.7102698544704,1509.1227168152602
Haase R.,1543.880785077795,1501.4178901075588,1554.1023101799776,1542.8756383438379
De Chaunac S.,1543.793110505074,1500.0,1539.7230159953128,1500.0
Collignon R.,1543.0473647712308,1471.7068566902194,1553.3045989011148,1492.1820402572675
Cervenak P.,1542.8320190800366,1528.439566056236,1490.9059684668441,1500.0
Ouanna J.,1542.5750594858648,1493.4314061592531,1497.6160771238249,1500.0
Gaubas V.,1542.1961280851065,1526.008602220671,1500.0,1500.0
Labadze I.,1542.0832973775673,1466.3829648278438,1413.9971954724138,1516.6871365271552
Haas T.,1541.7561783973879,1609.527741515721,1584.043902308163,1657.266905190084
Montanes A.,1541.590066402047,1573.3041613984735,1395.7681328665478,1435.3556885803278
Diaz Acosta F.,1541.581386281273,1550.4376832893138,1499.029618657646,1481.8720301692988
Van Der Merwe I.,1541.303646731624,1500.0,1507.5946246661308,1521.5016243483435
Jeanpierre J.,1541.2703514397049,1514.655655844974,1508.379751886775,1500.0
Carballes Baena R.,1540.855902101442,1538.566064087875,1542.2061543869497,1407.5188304112885
Meligeni F.,1539.6118415640399,1517.1088715134877,1508.3002735086127,1469.0918452227445
Del Bonis F.,1539.609161991793,1539.2249426469152,1481.123082059847,1500.0
Ginepri R.,1539.6024955993864,1527.3178990577198,1483.4450716216265,1458.8348075336971
Phau B.,1539.47454514102,1481.1750529158144,1503.4087865680365,1354.8056034157403
Taberner C.,1539.4593263372456,1501.495765176376,1493.7885601306427,1465.4911717483417
Rocha H.,1538.6566109444311,1512.3212206787384,1500.0,1500.0
Groth S.,1538.6144405439538,1496.7133454039713,1460.357819896216,1556.3758672717854
Etlis G.,1538.5839023533074,1491.3339111687599,1531.1401462843576,1500.0
Alund M.,1537.3218774155796,1527.5431260047299,1500.0,1490.5395107300192
Peniston R.,1536.904713855013,1500.0,1481.709534310867,1501.8286215374928
Mirnyi M.,1536.5913195075539,1460.2574139658236,1529.0652321343143,1644.870749719746
Cuevas P.,1535.755717280795,1556.5075434752348,1493.5654115883738,1451.2757602001889
Wang J.,1535.6781791636406,1499.229256772277,1490.620721073193,1527.8860198570783
Lajal M.,1535.36491494571,1500.0,1490.3331440827437,1520.5661160455256
Pella G.,1535.1437202093878,1522.903604886428,1519.4123221517652,1569.9741446540702
Zhang Zh.,1534.0007431865083,1611.5860542366233,1470.3131180758985,1510.589796358351
Petzschner P.,1533.9022818208518,1454.7977293083127,1543.1535067783975,1611.1332745510251
Gasquet R.,1533.6249219402912,1524.6501075475962,1522.5144995214764,1567.9655651353967
Decoud S.,1533.582246551997,1539.0751430628711,1500.0,1480.2525641542652
Widom T.,1533.3545566630887,1500.0,1523.9510043562952,1500.0
Ancic I.,1532.7091007503916,1500.0,1500.0,1538.1142233498572
Wessels P.,1531.6641970537835,1478.6538006450096,1446.0109247053554,1539.5069652141626
Hijikata R.,1531.6604400410276,1424.875845431066,1554.7560875514537,1472.9123134174872
Greul S.,1531.6197825966503,1486.0490698049925,1466.958008800851,1454.68942437148
Bu Y.,1531.2428811018299,1438.7929507886663,1545.3296856785994,1457.861107733213
Youzhny A.,1530.8558512578481,1500.0,1515.6455483109216,1500.0
Gulbis E.,1530.6957631992902,1553.2244592063696,1546.3912834179941,1544.991327399844
Flanagan I.,1530.362004002856,1500.0,1500.0,1541.6227722327915
Granollers M.,1530.3409867877826,1558.2311101649943,1428.8824347705386,1576.3570818789951
Del Potro J.,1528.9880903053304,1517.6974719534687,1500.0,1500.0
Lee H.T.,1528.8393339791578,1487.1017298629627,1573.3006976587233,1516.7111195576124
Carlsen K.,1528.1534256063603,1386.7336598590703,1562.9750635105825,1453.9986041546208
Dupuis A.,1528.0141759546482,1415.2724340788734,1449.4350520635487,1561.7075652079193
Kamke T.,1527.930704293999,1508.0971104337025,1487.4461521895641,1513.9876236843434
Bellier A.,1527.6170838942699,1477.7931682192639,1497.0372477267983,1545.213823143315
Auckland J.,1527.2628510982631,1500.0,1527.697506299857,1500.0
Ficovich J.P.,1526.6851134402812,1491.4164610591006,1528.7362392877087,1500.0
Chela J.,1526.5995373847109,1524.3123531131064,1482.9174860914966,1500.0
Young D.,1526.5265088775245,1403.03522978744,1536.8896559221769,1539.4855673493335
Bedene A.,1526.4618517619303,1584.6440863091402,1548.2668433349427,1479.975127435463
Kubler J.,1526.0234061750275,1519.6393263927216,1481.5243555404213,1554.8661368120147
Ofner S.,1525.5124964616557,1568.8585662956,1463.4699177028976,1555.4966237479998
Walton A.,1525.4482430733847,1494.8176133338202,1503.0972247016957,1461.6067004871634
Atmane T.,1525.4042809201103,1478.0665332893636,1509.847387874867,1500.0
Kotov P.,1524.9458934617662,1566.7512149691222,1467.5146155352243,1499.3226620097562
Robredo R.,1524.8417036133349,1500.0,1521.9112394813533,1500.0
Thiem D.,1524.7766476964064,1601.072920325354,1641.2237242744939,1520.2334811739706
Llamas Ruiz P.,1524.7130682288628,1508.6947151585866,1496.4807879179582,1500.0
Domingues J.,1524.6175742463527,1494.6610913915106,1500.0,1500.0
Dzumhur D.,1524.4966910617954,1592.7116236994527,1416.73496582914,1481.881747293331
Schuettler P.,1524.0212225801538,1519.3360091846923,1500.0,1500.0
Sergeyev I.,1524.0109176931398,1500.0,1520.3935550461226,1500.0
Willis M.,1523.9523205257244,1500.0,1500.0,1518.4823013750442
Tipsarevic J.,1523.8959381360417,1532.1891203073826,1538.5596291703396,1521.621299547184
Schuettler R.,1523.7006016394514,1364.2225561987912,1463.200683425144,1620.9025549230114
Prizmic D.,1523.4622474134474,1510.8049266457074,1493.1643239787977,1500.0
Larose S.,1523.4052707110086,1500.0,1503.0535566179637,1500.0
Wang Y.T.,1522.8717052158074,1465.9599031610956,1502.5890905978604,1504.2667589157893
Schoolkate T.,1522.802105336864,1488.3515720551761,1512.199791342852,1485.841209797519
Tarvet O.,1522.7630799426747,1500.0,1500.0,1526.5007395463622
Canas G.,1522.6850532587368,1616.1568055643336,1557.384906661942,1588.2847304801153
Andreev I.,1522.4290793288285,1539.6629635945014,1524.0741974602035,1501.3056946270324
Rochus O.,1522.381310304191,1416.3444116197618,1566.0983992632296,1523.4304185671056
Nardi L.,1521.7412909577881,1447.8955167820343,1526.589260543119,1454.7403352911367
Ugo Carabelli C.,1521.4412866894704,1570.2743909943244,1470.410360206446,1448.4079171076137
Wawrinka S.,1521.203539100561,1566.2849333007955,1559.2763992872092,1598.5878587902203
Basilashvili N.,1521.1942155588233,1496.469088817792,1507.7191228298855,1584.177270992971
Barrere G.,1521.1478041190874,1461.7450495214382,1466.0706437128536,1515.1846186976761
Montcourt M.,1520.7873792103305,1515.3734889175983,1465.4903511098178,1500.0
Gustafsson M.,1520.6371060962429,1509.0618171255667,1517.404247323528,1485.7980782424584
de Voest R.,1520.5252339125223,1500.0,1513.1566444801858,1491.797965745183
Lopez-Jaen M.A.,1520.4130803135934,1508.6473087660054,1500.0,1500.0
Lee D.H.,1520.4073344956323,1500.0,1515.2145592569555,1500.0
Donati M.,1520.226952707746,1513.0223159855739,1500.0,1500.0
Delic A.,1520.1245086450765,1458.3832859717277,1544.2456519598343,1473.01800532965
Kucera V.,1520.069739361277,1500.0,1516.7061503405455,1500.0
Stadler S.,1520.0237602069858,1500.0,1496.7669241387216,1499.111779289926
Ojeda Lara R.,1520.0223382069357,1497.0079155343237,1523.4522518395197,1500.0
Guinard M.,1519.8976185540055,1493.9086732659819,1500.1799128417792,1500.0
Querrey S.,1519.6156569527757,1502.36969111972,1458.431260523709,1629.4176002488305
Stebe C.M.,1519.238399351197,1545.6056758718441,1485.9733528574532,1429.1535149546153
Levine J.,1519.1328153304983,1448.3539467572978,1483.8758134339616,1480.2553504402345
Saulnier C.,1519.0482294567912,1426.2136115546962,1530.3425936853384,1470.4953355980892
Balazs A.,1519.0004525314857,1565.2123794802205,1433.2439812672585,1489.5319895084035
Lacko L.,1518.9849428815075,1427.3686608866656,1433.737980496271,1536.4628082350762
Buse I.,1518.8389446875033,1506.4885620880063,1495.320214662211,1500.0
Matsui T.,1518.6082456017325,1500.0,1513.9318631696492,1500.0
Dodig I.,1518.5691727273563,1565.2789804390795,1436.6865028562615,1615.2712203617684
Harrison C.,1518.4802788956224,1490.1856536720634,1506.971731536082,1493.3927464747176
Kutrovsky D.,1518.4056139789966,1500.0,1517.6382839192208,1500.0
Nava E.,1518.3482897842005,1487.095462248617,1498.7451694620158,1485.641930861622
Dedura-Palomero D.,1518.0393643550142,1503.6888616562012,1500.0,1500.0
Wolf J.J.,1517.9688237646033,1492.8740832205035,1506.874748017053,1521.7727540208853
Milojevic N.,1517.7742627870757,1515.2551223869568,1482.98699540401,1500.0
Gojowczyk P.,1517.5496959183074,1442.6405115964405,1532.2974838944417,1512.0749896334985
Droguet T.,1517.5366585931938,1510.2332433373547,1492.9953178497294,1500.0
Basavareddy N.,1517.5232052679091,1488.0,1538.0311907265357,1430.391439080223
Pavlasek A.,1517.3421850360292,1516.0508429202612,1449.7693532907167,1527.1697674195168
Rodrigues M.,1517.3329245701295,1500.0,1516.5452396037408,1500.0
Bailly G.A.,1517.2400588767762,1500.0,1514.5862695997284,1500.0
Pinnington Jones J.,1517.0348447324213,1500.0,1500.0,1477.7536131564682
Sandgren T.,1516.9477351283417,1429.4435481093412,1486.3004366390137,1566.368956003354
Mager G.,1516.879362479396,1518.6391706530083,1479.8167191127616,1513.6102220766504
Stebe C-M.,1516.7291673858228,1500.0,1515.2820133628875,1500.0
Delbonis F.,1516.6235751675222,1579.487130455098,1351.9218571167594,1324.7762386694842
Starace P.,1516.5404737024624,1546.9850100518154,1423.851881618996,1335.9568178024128
Klizan M.,1516.4697939605294,1605.312808117442,1549.895726945534,1406.1257634035017
Forejtek J.,1516.3343460832261,1500.0,1515.7198860362148,1500.0
Stepanek M.,1515.5926008167185,1506.5623580214324,1500.0,1500.0
Engel J.,1515.5671601375277,1496.6979413057525,1501.7264570833295,1506.2707210187484
Wong C.,1515.291836518483,1488.0,1525.1607413172621,1483.9984963608197
Mcclune M.,1515.021876527217,1500.0,1512.2002124705912,1500.0
Berrettini J.,1514.9712967301152,1500.0,1510.0941779838283,1500.0
Verdasco M.,1514.9295537774997,1504.8898838156815,1500.0,1500.0
Bogomolov A.,1514.9033308765308,1406.9104828145987,1513.6136023284278,1453.6638258070495
Michon A.,1514.7829433958564,1505.4982517085434,1500.0,1500.0
Quiroz R.,1514.7591665704608,1508.090672199726,1519.9207120267754,1476.2020378095506
Rodionov J.,1514.742357190302,1470.3594314677289,1523.3858089382354,1485.50511388873
Hadad M.,1514.3447216612367,1512.0018714327484,1500.0,1500.0
Kopriva V.,1514.2660854924015,1511.4963304654061,1479.0172432670172,1477.3832371013013
Lejnieks K.,1514.1898766348588,1500.0,1509.4782049764674,1500.0
De Heart R.,1514.0877197758489,1500.0,1513.2037602444984,1500.0
Tirante T.A.,1514.0253742091566,1507.3934307792547,1497.5934654437094,1500.0
Garcia-Lopez G.,1513.9307276510751,1566.8328129435654,1492.7817425674057,1470.9132721438377
Varillas J.P.,1513.723662220681,1516.3612507039131,1508.7330962406522,1468.7493955191173
Renavand N.,1513.6571064761374,1500.0,1507.0263363618362,1500.0
Darcis S.,1513.5759509805855,1476.1247714188778,1527.6923448428938,1529.6262253381858
Reix C.,1513.5659241354815,1500.0,1511.1752638907053,1500.0
Cuadrado C.,1513.108106249097,1508.5780287099003,1500.0,1500.0
Kumar O.,1512.857365315211,1500.0,1518.2710432224642,1500.0
Pecotic M.,1512.3774134632276,1500.0,1509.6268435339296,1500.0
Hussey G.,1512.273816439134,1500.0,1500.0,1497.9552669443076
Boyer T.,1512.060148606896,1466.3426545680168,1539.506758662703,1500.0
Di Mauro A.,1512.0118761813665,1507.3051976896024,1500.0,1500.0
Zopp J.,1511.9910338142088,1512.1598500774785,1466.9230807361876,1422.9669523427199
Wang C.,1511.973748349155,1500.0,1510.1636901102065,1500.0
Erler A.,1511.9612413796242,1503.6345517523343,1500.0,1500.0
Stakhovsky S.,1511.9064527536964,1447.7697922933976,1521.3101743667335,1532.0493248596765
McDonald M.,1511.8214016540717,1496.6855371162965,1464.5129400035328,1498.8464033787036
Rosenholm P.,1511.7463362511637,1500.0,1507.4424159175921,1500.0
Brands D.,1511.691580567526,1487.295603063013,1537.7379021513866,1481.975131289439
Qureshi A.,1511.6393989480384,1500.0,1484.6200244940537,1517.1750365313428
Cacic N.,1511.5700489692865,1504.5047645437076,1500.0,1500.0
Celikbilek A.,1511.5663337695805,1500.0,1514.3966492693423,1504.8991352965893
Bemelmans R.,1511.4366858584929,1471.5431890241034,1472.0017857211221,1488.6603274825022
Bagnis F.,1511.3974233686495,1487.3929547976034,1468.110876126935,1382.4795320772628
Vilella Martinez M.,1511.3460943241353,1499.8878577989037,1499.6481426143205,1500.0
Satral J.,1511.1636257320133,1495.4043194336643,1517.4973253372866,1500.0
Korolev E.,1511.0653305235737,1453.1579913246744,1583.4797969723272,1393.707131850979
Moroni G.,1510.7464073796962,1503.8871992917136,1500.0,1500.0
Bourchier H.,1510.6279607621725,1500.0,1509.128376673122,1500.0
Baez S.,1510.612995389565,1598.9527732622619,1456.7904334423754,1418.7621871671918
Marcora R.,1510.5372098534174,1485.611552751818,1514.138137665113,1500.0
Jacquet K.,1510.5027879153545,1487.224630077624,1518.9701686573667,1500.0
Larsson M.,1510.3932459275463,1498.1033134828258,1524.8051642496582,1493.4821929666734
Viloca J.A.,1510.3644689201442,1510.4320711498444,1502.011674956407,1500.0
Moraing M.,1510.3359704972327,1510.456714136713,1500.0,1486.1254364958832
Gomez F.A.,1510.1538323079712,1505.3421443725722,1496.56475715902,1500.0
Troicki V.,1510.1073815182333,1587.0143964796564,1505.699953620114,1548.029853909452
Rettenmaier T.,1509.4458508688176,1500.0,1502.1227172742822,1503.3234090529234
Quinn E.,1509.22610474765,1498.5196757985148,1455.647754531339,1506.2236579479377
Duclos P.L.,1509.1052536666875,1500.0,1497.6492478597143,1490.3268429247717
Nanda G.,1508.9497791915217,1500.0,1510.5908753540061,1500.0
Ianni S.,1508.8587906487007,1503.29193042142,1500.0,1500.0
Svajda Z.,1508.8013266821488,1500.0,1505.1373640296847,1483.5274432991243
Marin J.A,1508.7669269144255,1502.7083324382168,1500.0,1500.0
Trujillo G.,1508.4243478929404,1507.9984998098273,1500.0,1500.0
Dutra Da Silva R.,1508.3917466634655,1500.0,1505.3100147550722,1500.0
Draper S.,1508.3477060727503,1435.0901388514233,1535.573059969467,1425.956592944709
Sherwood D.,1508.319983303588,1500.0,1500.0,1503.6863448394317
Mertl J.,1508.3196448349102,1502.4293939366435,1500.0,1500.0
Clemens T.,1507.8946368200143,1500.0,1502.4688835327556,1500.0
Gomez A.,1507.8783803671636,1498.1980977196615,1500.0,1500.0
Galarneau A.,1507.671559363885,1500.0,1490.6833421218307,1500.0
Harris A.,1507.5075204605255,1500.0,1500.8394349816047,1500.0
Soderlund C.,1507.3085508548236,1503.7463953732802,1500.0,1500.0
Eaton C.,1507.166043906939,1500.0,1500.0,1508.8797879445706
Falla A.,1507.0276588703512,1486.7789875318715,1508.8674617860245,1492.8316525246178
Noguchi R.,1507.0250266198439,1500.0,1504.425210362688,1500.0
Ram R.,1506.8321289426988,1477.458474889461,1476.3375040269104,1522.702489978363
Reid T.,1506.6811501287784,1481.2688337726242,1504.556482603987,1465.857892737962
Arseneault N.,1506.562260184317,1500.0,1505.6219919555535,1500.0
Golmard J.,1506.5499770674382,1515.9568431422201,1550.0433677650797,1423.987315190774
Maden Y.,1506.524555359126,1507.865860290499,1487.397232826761,1477.3095605353424
Rosol L.,1506.476580429642,1554.1011573504588,1519.7588306548969,1463.7648820922032
Seppi A.,1506.3066656430744,1465.271980384989,1519.266237267905,1558.9249331528272
Hong S.,1506.0797486893182,1500.0,1505.9071208744278,1500.0
Basic M.,1506.0421573563976,1474.442755219876,1533.30107544462,1446.714147671891
Lu H.,1505.879924686698,1500.0,1505.3856462679498,1500.0
Vinciguerra A.,1505.787488591558,1476.440989145232,1497.3488490029745,1460.9081031101273
Trinker B.,1505.7399242705021,1506.2623164019062,1500.0,1500.0
Sachko V.,1505.6986827875353,1468.8902364762532,1529.5606284271828,1500.0
Pellegrino A.,1505.5478983821847,1497.6902828838186,1500.0,1500.0
Fognini F.,1505.3361129006653,1561.4988177217922,1481.1467426947754,1548.7898568508497
Quinzi G.,1505.2390199048668,1504.6929102351837,1500.0,1500.0
Gojo B.,1505.2268201190793,1449.9117824610782,1543.439254892677,1443.8781934757553
Ball C.,1505.2173585284286,1504.5359943670449,1504.0080797983524,1448.9575178422745
Baker B.,1504.9680406735768,1521.4439849317866,1435.689787758761,1550.1198286411382
Mergea F.,1504.6700741135523,1500.3807253580849,1500.0,1498.6111122713442
Otte O.,1504.2268954942124,1491.9664101534652,1476.9510943621788,1550.2962673800437
Bracciali D.,1504.1945376556746,1501.7553852987553,1460.4473207568774,1545.854611432025
Hantschek M.,1504.0732547200148,1500.0,1502.4105209293443,1500.0
Kohlschreiber P..,1503.8536519259403,1500.0,1501.4664086280252,1500.0
Mota B.,1503.77571772117,1496.575645141038,1500.0,1500.0
Chela J.I.,1503.4428316414,1588.114539809831,1507.3288880027765,1402.2134595801601
Krajicek A.,1503.292368390502,1465.1206033473395,1531.3383574863858,1455.8779056311944
Lajovic D.,1503.1814620585933,1536.7113749639113,1540.539300009499,1396.2121004515154
Hoang A.,1503.1674409174448,1517.0540920680235,1446.8836312849362,1505.1691125810098
Pucinelli de Almeida M.,1503.1109627328303,1501.1280892290597,1500.0,1500.0
Puetz T.,1502.9908213263377,1500.0,1479.7421238108936,1499.4793975455705
Zekic M.,1502.7844668892005,1496.8035933366361,1500.0,1500.0
Srichaphan N.,1502.5677988000723,1501.9424423741657,1502.1930147358719,1500.0
Schukin Y.,1502.3250535947095,1543.7038151052634,1396.0592168202625,1500.0
Whittington A.,1502.2756284391942,1500.0,1521.9220000268674,1470.0
Alvarez Varona N.,1502.1235175396753,1488.0,1509.1668350275756,1500.0
Karlovic I.,1502.0945562175891,1522.956467712392,1492.900701731499,1570.294765054261
Fogues F.,1502.0830475665846,1494.2362233367605,1500.0,1500.0
Saretta F.,1502.0381700263392,1545.803851987044,1460.7341077705512,1492.865574565752
Jianu F.C.,1501.8189307520972,1501.190934087334,1500.0,1500.0
Bubka S.,1501.6259287653563,1491.8675920901164,1502.4316723811128,1479.8930035647036
Minar I.,1501.5652990141152,1452.5336728027971,1522.4920393234386,1418.4140578325141
Fratangelo B.,1501.541257901612,1473.7852784746633,1494.3191863748498,1505.5737292166336
Chadaj A.,1501.393955199435,1501.59344151228,1500.0,1500.0
Jorda Sanchis D.,1501.3401364358037,1500.2032315050058,1500.0,1500.0
Calleri A.,1501.303325177366,1567.0592094318868,1524.7154209710322,1425.1435468120742
Sanchez D.,1501.1583374722652,1541.1400442348317,1352.8824405540768,1394.1908645006026
Schwartzman D.,1501.1170596510751,1578.1902106254904,1552.2559091318947,1528.554425415982
Hadad A.,1501.0089441365628,1501.1158885413308,1505.7424115703504,1500.0
Halys Q.,1500.989648647458,1545.1874458613258,1455.0460738093789,1531.1670531450616
Traykov I.,1500.9883309832799,1499.4375506351869,1500.0,1500.0
Langer N.,1500.9459558857945,1505.9310187501337,1488.30670857095,1500.0
De Bakker T.,1500.854054167796,1528.7415621636046,1488.8911409367688,1484.3358732299412
Jelenic P.,1500.799956212119,1500.0,1500.4460310415445,1500.0
Klaasen R.,1500.716913852713,1500.0,1484.0198867935221,1522.9833862036555
Matosevic M.,1500.7164588442847,1465.8278502023004,1559.4782267057349,1490.6633788848892
Trungelliti M.,1500.5622311336883,1523.2598883114927,1451.812536385608,1467.468645645771
Goldstein P.,1500.4805591190052,1481.4832709638506,1518.0062488954177,1472.7709429968181
Lamasine T.,1500.4159684843,1496.8256129264955,1497.3642527361476,1482.8118207828031
Haider-Mauer A.,1500.1974543732526,1499.5090866477676,1495.398548380078,1500.0
Stoltenberg J.,1500.147600102541,1500.0,1478.1224689609737,1502.5839895213328
Kolar Z.,1500.0709756835604,1512.3776571588535,1500.0,1474.3698430961329
Giner J.,1500.0049530067718,1504.2707006975052,1500.0,1500.0
Demoliner M.,1500.0037014512543,1497.0979395007328,1500.0,1500.0
Gumy H.,1499.9556213994676,1499.5999923740492,1500.0,1500.0
Coutelot N.,1499.9020694387916,1510.056122535598,1480.4792291623162,1453.5494663561615
Sekulic P.,1499.823131511192,1500.0,1493.3336811674303,1500.0
Martinez P.,1499.794628380248,1546.4557698499789,1454.1116301411341,1462.0900260954738
Roca Batalla O.,1499.690769819152,1495.4213244444818,1500.0,1500.0
Rocha D.,1499.6758606261415,1496.6936963392284,1500.0,1500.0
Avidzba A.,1499.629210868593,1500.0,1499.263693206478,1500.0
Harris B.,1499.4980391924057,1491.1931153304624,1430.170219092987,1510.1199178537886
Van Lottum J.,1499.447110688816,1500.0,1498.5673876595922,1500.0
Gutierrez-Ferrol S.,1499.4058540141066,1503.2044827273749,1500.0,1500.0
Denolly C.,1499.364348091879,1498.2872186622394,1500.0,1500.0
Wang Y. Jr,1499.345865381763,1500.0,1498.605464025671,1500.0
Zayed M.S.,1499.1786327564485,1500.0,1498.8911908365196,1500.0
Monteiro T.,1498.9158898906355,1537.33948180474,1450.8213410171568,1404.2418290871976
Vagnozzi S.,1498.7187523830485,1492.7671275483287,1500.0,1500.0
Alves M.,1498.6915495061928,1497.0955098528657,1500.0,1500.0
Farah R.,1498.6403901576716,1527.3381100078645,1449.0511179905718,1500.0
Tobon M.,1498.5759042851591,1499.5875730804098,1500.0,1500.0
Barrios Vera M.T.,1498.558224025216,1499.0311505043985,1500.0,1500.0
Warburg S.,1498.5560302057916,1500.0,1481.6986362265206,1480.5431334379193
Balleret B.,1498.5156946163715,1485.38771706491,1497.700721632998,1500.0
Scherrer J.,1498.4559075521113,1500.0,1497.634444215805,1500.0
Tebbutt M.,1498.39229092678,1500.0,1499.0759004036063,1500.0
Ondruska M.,1498.1314306501927,1508.5636506931442,1478.9462369426533,1500.0
Ascione A.,1498.0210404281518,1500.0,1500.8719838362865,1500.0
Shimabukuro S.,1497.8929946284802,1500.0,1486.472794525885,1478.6599425173947
Alvarez Valdes L.C.,1497.8783301432716,1500.0,1500.668744209866,1500.0
Krueger M.,1497.6074025947948,1497.1416640392708,1480.114198986643,1459.2023333819777
Herbert P.,1497.5886355919135,1478.9910526691826,1499.4909751489126,1504.304225578844
Ivanisevic G.,1497.5623289466525,1436.21047165233,1464.076560696145,1647.7566193872715
De Greef A.,1497.4483800297955,1492.2963159022295,1503.9976899661604,1500.0
Zhou Y.,1497.4111239987592,1500.0,1486.5026514652136,1500.0
Leshem E.,1497.3911930983556,1500.0,1498.2514559741644,1500.0
Davydenko P.,1497.3551680031992,1504.7012975691912,1487.4146600359877,1500.0
Gambill J. M.,1497.3446656478357,1500.0,1494.9047582566125,1500.0
Hossam K.,1497.2612400366093,1500.0,1497.2356931828238,1500.0
Zovko L.,1497.1987469671733,1493.5493002257526,1496.0859488002823,1500.0
Samrej K.,1497.1316689916093,1500.0,1496.9027798415766,1500.0
Meffert D.,1497.0708092294676,1498.5931944410765,1487.1199496313964,1498.0294294542703
Marchenko I.,1496.8918471085844,1423.437380861272,1536.3364255149784,1378.587951386455
Hardt N.,1496.8810819503542,1494.5000091859388,1500.0,1500.0
Silva F.F.,1496.840182057278,1495.9400666305903,1500.0,1500.0
Marcaccio G.,1496.7277312236552,1510.2615861624765,1484.0010042255035,1500.0
Eitzinger R.,1496.690744926605,1492.0597772444955,1490.9476740500218,1500.0
Uebel L.,1496.6228938834429,1500.0,1500.0,1480.4935728391872
Wessels L.,1496.52370510644,1502.2884963074787,1500.0,1478.4163000173735
Mpetshi Perricard G.,1496.4593888804413,1500.0,1496.0790812415719,1500.0
Istomin D.,1496.3746369676176,1498.3065022245544,1503.106332855068,1512.1147935851723
Kachmazov A.,1496.365912129592,1500.0,1485.627378094965,1500.0
Estrella V.,1496.2309626687045,1500.0,1490.618991567326,1500.0
Galdon P.,1496.1860464646527,1496.9189678837038,1500.0,1500.0
Al-Ghareeb M.,1496.0953902159897,1500.0,1495.5041751941146,1500.0
Struff J-L.,1496.053624714991,1500.0,1496.0065987007472,1500.0
Basso A.,1495.976324010833,1496.1637860973342,1500.0,1500.0
Guccione A.,1495.8441166028704,1487.322921437099,1500.0,1485.306819186447
Joyce M.,1495.7694035002467,1500.0,1500.5190013273118,1500.0
Monday J.,1495.673596363446,1500.0,1500.0,1487.6747666525744
Gimeno Valero C.,1495.5948505181864,1491.6498980554218,1500.0,1500.0
Napolitano S.,1495.5617487375669,1492.9934523983318,1483.1816085031332,1491.2733354222576
Tabur C.,1495.4885076465075,1483.1423941065934,1512.7114559739682,1500.0
Koning M.,1495.4793047505957,1500.0,1500.0,1481.7329874767927
Zayed M. S.,1495.3926866377008,1500.0,1495.4650776873207,1500.0
Gimeno-Traver D.,1495.3205263170357,1531.9503160878523,1370.2856302388834,1319.0932385700266
Yevseyev D.,1495.3164191131016,1503.9679095259178,1477.1331841805447,1500.0
Sirianni J.,1495.2115601672378,1500.0,1502.8077031176115,1445.2415608133515
Albot R.,1495.2088799822172,1467.1446879082173,1539.8156243841956,1405.1790981751535
Gigounon G.,1495.1572836269374,1493.8127353732007,1500.0,1500.0
Schoorel T.,1495.0471661764338,1512.7290982704408,1466.6065081186418,1500.0
Rodriguez Taverna S.,1494.9590045151583,1486.8445513841361,1500.0,1500.0
Bai Y.,1494.8517978981918,1500.0,1486.676706498086,1500.0
Uchida K.,1494.8474492120488,1500.0,1492.1251251282772,1500.0
Ajdukovic D.,1494.7944437783647,1499.629315862931,1487.7963564779334,1500.0
Kicker N.,1494.789074320981,1492.7817034770248,1495.1204489342942,1481.975056100703
Anderson A.,1494.5798779269194,1500.0,1493.4157235040711,1500.0
Mansouri S.,1494.5790611410985,1500.0,1494.6948233778721,1500.0
Squire H.,1494.5118919690015,1506.5546618746741,1500.0,1449.2810247239
Nadal-Parera R.,1494.3679587597678,1498.5765388330035,1500.0,1500.0
Giraldo S.,1494.250043730605,1508.5052561847688,1463.5102513012584,1517.4845625478165
Echargui M.,1494.1281906110548,1500.0,1493.2830347745974,1500.0
Cina F.,1494.1084263016191,1493.6357881120186,1489.8065820850888,1500.0
Geerts M.,1494.0918368509554,1500.0,1496.6899993898262,1500.0
Friedl L.,1494.00148327008,1514.7284513425755,1471.9221086414025,1500.0
Zayid M. S.,1494.0004431851662,1500.0,1492.548667291816,1500.0
Smethurst D.,1493.904289347987,1500.0,1500.0,1481.4970793127704
Bertola R.,1493.883367926938,1500.0,1490.8177209736814,1500.0
K K.,1493.8120904445864,1500.0,1500.0,1480.457218953001
Tyurnev E.,1493.7984800224947,1500.0,1491.4449054534218,1500.0
Jouan R.,1493.6178508778848,1490.0215211124494,1495.0317322014214,1500.0
Guccione C.,1493.6097330246423,1449.1069198377045,1526.9930134540139,1400.7555347884756
Jubb P.,1493.55845789072,1500.0,1500.0,1442.8936899012242
Sarstrand M.,1493.5276374755765,1494.6056919159814,1500.0,1500.0
Bonadio R.,1493.4412126069572,1490.492166908384,1500.0,1500.0
Zampieri C.,1493.3995098391017,1496.2335919362652,1500.0,1500.0
Bernet H.,1493.3693893367554,1500.0,1493.8867950114056,1500.0
Kloer S.,1493.2976542049248,1492.295886505789,1500.0,1500.0
Yuksel A.,1493.218325429532,1500.0,1488.0617373332163,1500.0
Wagh A.,1493.1800411407287,1500.0,1492.769001269506,1500.0
Hui J.,1493.0946839203618,1500.0,1492.172341931665,1500.0
Omarkhanov A.,1492.998816537252,1500.0,1488.7277217250355,1500.0
Ymer E.,1492.8952386187489,1423.2190204074825,1516.1221938168374,1445.8445495947408
Gombos N.,1492.8121048888665,1523.274588648989,1438.7868202067093,1424.9393715647145
Lammer M.,1492.735507563036,1447.0119595517424,1516.8720341952317,1500.0
Mo Y.,1492.6338215689896,1500.0,1493.130118987433,1500.0
Lopez-Perez E.,1492.5652383523225,1492.537456846074,1500.0,1500.0
Ogorodov O.,1492.557480931092,1500.2754655366637,1490.5984799146993,1500.0
Zabaleta M.,1492.475138346639,1592.0876987548436,1407.2789913395254,1399.2931437852587
Navarro S.,1492.395739104343,1495.479946141338,1500.0,1500.0
Lemke J.,1492.2931169012113,1500.0,1481.9305958881323,1500.0
Meister N.,1492.2478439227666,1500.0,1485.0893134572034,1500.0
Sanchez Izquierdo N.,1492.2171019153818,1492.4488408411667,1500.0,1500.0
Sell K.,1492.1916156103277,1490.183495459811,1500.0,1500.0
Singh S.,1492.1815274869716,1500.0,1492.7516615910017,1500.0
Furness E.,1492.1768457845296,1500.0,1490.2777080758906,1500.0
Grosjean S.,1492.1711130345016,1585.877619849655,1496.5337435911658,1610.8449417021382
Jeong S.Y.,1492.1090871738265,1500.0,1492.152272308543,1500.0
Caruana L.,1492.096245600656,1500.0,1490.2952753673924,1500.0
Mochizuki S.,1492.0052380934524,1490.4794092976388,1465.6572430355882,1460.8793548918945
Munoz de La Nava D.,1492.0029314857993,1493.7641570778392,1500.0,1500.0
Baluda V.,1491.9977690057194,1500.0,1491.751552212759,1500.0
Gooding J.,1491.9067829804032,1500.0,1490.5558114989478,1500.0
Veronelli D.,1491.8993494552308,1501.9102597879337,1485.5870438337913,1500.0
Jun W.,1491.848038969447,1500.0,1491.8827489537298,1500.0
Sargsian S.,1491.7800359584473,1488.6720560634546,1536.5691763544553,1425.3946904076588
Sadecky A.,1491.7732636214935,1489.6360282663493,1500.0,1500.0
Hernandez-Fernandez J.,1491.7732602689002,1489.9304773903182,1500.0,1500.0
Matsukevitch D.,1491.764279640135,1489.879889814075,1503.1920946951536,1500.0
Schwaerzler J.J.,1491.727020759446,1492.072576837716,1500.0,1500.0
Burquier G.,1491.6456977756927,1500.0,1483.4866957940083,1500.0
Tsitsipas P.,1491.5502350551117,1500.0,1491.0539567386334,1500.0
Erlich J.,1491.540169631305,1500.0,1508.4057765093573,1479.0302851671454
Shane R.,1491.5331921016007,1500.0,1489.6261771477625,1500.0
Neff A.,1491.51527366113,1500.0,1489.4770696615196,1500.0
Topic J.,1491.382587624868,1492.3790474497937,1500.0,1500.0
Tavares L.,1491.380514282853,1491.5063641887061,1500.0,1500.0
Cadart R.,1491.3352167477274,1500.0,1507.276403459757,1477.0077760764218
Olaso G.,1491.2908682909592,1498.9993927351038,1481.678476134745,1500.0
Reichel A.,1491.250456819143,1500.0,1490.8327426140759,1500.0
Rybakov A.,1491.1318907987857,1500.0,1490.4228961602275,1500.0
Zayid M.,1491.0894899789025,1500.0,1490.6297247600014,1500.0
Vrbensky M.,1491.0713065631776,1500.0,1491.7462525919277,1500.0
Sakellaridis S.,1491.0031107047755,1500.0,1489.1678959643593,1500.0
Stoppini A.,1490.989610053947,1481.7528843966008,1505.527091997438,1500.0
Emmrich M.,1490.9871833512327,1500.0,1500.0,1486.2540180117176
Pfeiffer K.,1490.986530185968,1492.078351932315,1500.0,1500.0
Witten J.,1490.9615857590268,1472.4265563767574,1505.9857892894986,1485.1031825109094
Cassone M.,1490.942343876436,1500.0,1491.8274099878963,1500.0
Sanchez de Luna J.A.,1490.938073662914,1490.8699658880532,1500.0,1500.0
Cecchinato M.,1490.9242580066225,1548.0402069913766,1348.0596201359542,1369.2520530766747
Milligan L.,1490.7990425919231,1500.0,1500.0,1470.314779115374
Zhukayev B.,1490.7373745181694,1500.0,1493.0391021698551,1471.785928275064
Phillips T.,1490.6600962641633,1500.0,1489.4241208058647,1500.0
Van Assche L.,1490.6444634917993,1497.89815476674,1502.7968233086199,1446.869982988424
Tveit E.,1490.6225403130065,1492.8654723868601,1500.0,1500.0
Takahashi Y.,1490.6180188875692,1500.0,1490.7774258388024,1500.0
Kosakowski D.,1490.60202186263,1500.0,1490.7723111785008,1500.0
Mesaros K.,1490.5930362003992,1500.0,1487.5199044256485,1500.0
Passaro F.,1490.5016497269162,1493.0528453273832,1463.3448070572758,1500.0
Dodig M.,1490.4952710600464,1492.6261288751123,1500.0,1500.0
Belyaev I.,1490.4799488826134,1500.0,1487.1781883042402,1500.0
Villanueva G.,1490.4375886240919,1500.0,1488.1798520874038,1500.0
Sakamoto P.,1490.4294673898298,1491.4129441046068,1500.0,1500.0
Burruchaga R.,1490.395255672279,1488.4066590903167,1500.0,1500.0
Gimeno D.,1490.3434407422592,1490.5862746319615,1500.0,1500.0
Granollers-Pujol M.,1490.253619341916,1487.0864109299046,1500.0,1500.0
Kontinen H.,1490.22125363801,1500.0,1482.5987238772532,1505.3781783583677
Chakravarthi C.,1490.218385032892,1500.0,1490.6854013926866,1500.0
Olguin L.,1490.141636837703,1491.8323466263998,1500.0,1500.0
Pedroso A.,1490.1100447764832,1500.0,1489.6867750461624,1500.0
Tepavac M.,1490.0982267203672,1500.0,1489.3381713460537,1500.0
Serrano O.,1490.0730356488345,1492.57662699238,1500.0,1500.0
Valent R.,1490.0697069485304,1500.0,1487.967707214701,1500.0
Alcaide G.,1490.041619848313,1500.0,1500.0,1480.3266063326007
Korteling S.,1490.0165775417415,1491.9252962440466,1500.0,1500.0
Healey N.,1490.0049785952992,1489.9781753887453,1481.9873255576158,1500.1811317504294
Hrbaty D.,1489.977909820865,1482.2134143867686,1538.1940913034516,1412.7728796106414
Roumane R.,1489.9761866940546,1500.0,1484.6828086186488,1500.0
Blanchet U.,1489.9753782522434,1484.9435488979514,1496.9704381012637,1500.0
Gray A.,1489.9652733653577,1500.0,1500.0,1476.4617622336505
Abdulla M.,1489.9473961504057,1500.0,1485.277658238855,1500.0
Sweeny D.,1489.9437239036674,1500.0,1476.933796339658,1500.0
Ouyang B.,1489.9387919529274,1500.0,1482.4940236119448,1500.0
Dubrivnyy A.,1489.936745876371,1500.0,1487.1361251130065,1500.0
Koderisch C.,1489.9036948249116,1500.0,1500.0,1478.3659027658562
Riffice S.,1489.8729420021896,1500.0,1491.8603515490101,1500.0
Mirnegg M.,1489.8277472406278,1489.5971258969719,1500.0,1500.0
Ivanov I.,1489.80749854028,1500.0,1487.3351287150324,1500.0
Veger F.,1489.754999842412,1500.0,1483.883972137391,1500.0
Peliwo F.,1489.737305854598,1504.7500345995727,1491.5154690452753,1500.0
Gakhov I.,1489.713199179389,1482.5914692363895,1500.0,1500.0
Fish A.,1489.6855132285698,1500.0,1491.4436383035456,1500.0
Dabrowski B.,1489.6243372592364,1487.7849949934282,1500.0,1500.0
Alawadhi O.,1489.5671262445103,1500.0,1488.8090275262407,1500.0
Gruber K.,1489.5645494979676,1500.0,1489.959087571869,1500.0
Barranco Cosano J.,1489.5475402825775,1489.4903534280188,1500.0,1500.0
Blumberg W.,1489.5303457496243,1500.0,1500.0,1482.540370236761
Menezes J.,1489.4969051421185,1490.0967534976203,1500.0,1500.0
Trongcharoenchaikul W.,1489.4788119519537,1500.0,1489.2857996708765,1500.0
Blanch U.,1489.3985587690531,1500.0,1479.6875721294962,1500.0
Ortega-Olmedo R.,1489.3453349911442,1490.202571527904,1500.0,1500.0
Reid M.,1489.3160314116599,1500.0,1500.0,1486.0714439292517
Fanselow S.,1489.2798096228146,1489.5909097336726,1500.0,1500.0
Sultan-Khalfan A.,1489.2460909556926,1500.0,1489.3999970199077,1500.0
Karlovskiy E.,1489.1797205333503,1500.0,1487.0505943865594,1500.0
Gromley C.,1489.108187738979,1500.0,1484.4208856963903,1500.0
Dlouhy L.,1489.1061887744847,1475.6182595457926,1455.9619255198577,1450.3686583833794
Wolmarans F.,1488.980541622912,1500.0,1487.698518228709,1500.0
Lenz J.,1488.98050790561,1495.4003956821628,1494.33856946794,1500.0
Grigelis L.,1488.9669399875352,1500.0,1485.090990752727,1500.0
Arvidsson I.,1488.9088764696,1488.4428590010946,1500.0,1500.0
Lopes H.,1488.8656520675545,1490.7663281403366,1500.0,1500.0
Becroft I.,1488.8508014308723,1500.0,1486.5409508867162,1500.0
Vaisse M.,1488.8320109276206,1485.7118873421314,1500.0,1500.0
Smith C.,1488.8226990231515,1512.0985193656288,1463.0355647099823,1500.0
Draxl L.,1488.8116174672973,1500.0,1490.4700723520095,1500.0
Maestrelli F.,1488.787661622844,1500.0,1487.9479569776133,1500.0
Quigley E.,1488.770683668967,1500.0,1487.1050902775123,1500.0
Patino L.,1488.7699513641664,1500.0,1484.6478808747283,1500.0
Rascon T.,1488.7425088941363,1500.0,1487.3702424949063,1500.0
Friberg K.,1488.6961129056203,1500.0,1490.5715265374567,1500.0
Sarmiento R.,1488.6224396619273,1500.0,1485.7112385189346,1500.0
Moeller M.,1488.6079662591976,1488.6824231211513,1500.0,1500.0
Bryde T.,1488.5804904281413,1500.0,1488.4770158212918,1500.0
Ignatik U.,1488.5574366139506,1500.0,1487.696174550735,1500.0
JC A.,1488.4969211073746,1500.0,1500.0,1476.4530018192095
Aragone J.C.,1488.4294918144565,1500.0,1488.723219053019,1500.0
Pescariu D.,1488.3873149204553,1489.8157150576767,1500.0,1500.0
Peppas S.,1488.3498478487593,1491.7473782174675,1500.0,1500.0
Bohane A.,1488.3478776279003,1500.0,1490.4372199757786,1500.0
Donski A.,1488.3286039668121,1500.0,1487.3589712671892,1500.0
Lopez San Martin A.,1488.3199035981236,1492.6493240818927,1500.0,1500.0
Sugita Y.,1488.272776367735,1454.5010889804112,1483.7857308395137,1517.917304342037
Te R.,1488.2404168616747,1500.0,1480.9405229058746,1500.0
Papamalamis T.,1488.188240590811,1500.0,1481.9108609008197,1500.0
van Gemerden M.,1488.1417237245182,1493.57756602192,1486.0437033233397,1504.5002857090944
Lazov A.,1488.106431450976,1500.0,1486.2047637766154,1500.0
Novikov D.,1488.0343259782865,1500.0,1461.7463739887949,1486.2948038694155
van der Meer N.,1487.9985861064931,1491.2097905915602,1500.0,1500.0
Anderson O.,1487.997702442493,1500.0,1487.4762995566864,1500.0
Olivo R.,1487.941501859111,1507.0175775435632,1448.2778248955585,1471.0788826201538
McClune M.,1487.9355755311647,1500.0,1487.8222580926933,1500.0
Rejchtman Vinciguerra W.,1487.9319881685522,1489.1834914277824,1500.0,1500.0
Blanch D.,1487.8677658250713,1499.3618851751382,1488.1677863257316,1500.0
Haji A.,1487.812342441029,1500.0,1487.1343160603844,1500.0
Baadi T.,1487.7961008169978,1490.2273914283046,1500.0,1500.0
Petrovic D.,1487.7906418583707,1519.3987516213867,1461.654024858243,1480.0
Bega A.,1487.725500597012,1500.0,1490.3457772852612,1500.0
Borvanov R.,1487.700861291061,1500.0,1485.5933645043845,1500.0
Ciorcila P.,1487.6851892892907,1486.5157487839833,1500.0,1500.0
Vlasov D.,1487.6840316692872,1491.5954552032183,1500.0,1500.0
Durasovic V.,1487.6565064305012,1500.0,1486.9414668842928,1500.0
Bryan M.,1487.6520172259718,1500.0,1509.5614034511227,1465.427481818469
Marin L.,1487.6084478179705,1490.4507629627965,1500.0,1500.0
Gensse A.,1487.522447373071,1493.3465727976095,1491.5202900018205,1500.0
Fitz S.,1487.5063203539214,1500.0,1500.0,1482.3980677725967
Behr N.,1487.5026477712931,1500.0,1493.7421475471867,1500.0
Willman D.,1487.4769438927487,1500.0,1484.7544609102265,1500.0
F M.,1487.4668403339954,1488.3155736165663,1500.0,1500.0
Tursunov D.,1487.461248681801,1497.8791103407925,1538.6690770732216,1467.0948001364895
Mina G.,1487.3713278651906,1477.794904992096,1500.0,1500.0
Middelkoop M.,1487.36571420349,1500.0,1500.0,1478.1921389839315
Shi B.,1487.2838057869853,1500.0,1486.9135165630173,1500.0
Fancutt T.,1487.2289991039208,1500.0,1480.876748666326,1500.0
Munoz de la Nava D.,1487.2086970882985,1493.6495608617308,1500.0,1500.0
Onclin G.,1487.184434114971,1500.0,1487.8371769176483,1500.0
Maamoun K.,1487.1519927619377,1500.0,1483.962758158604,1500.0
Slanar M.,1487.1300048423145,1500.0,1485.7395483073306,1500.0
Lock B.,1487.0870815540163,1500.0,1489.3838129471142,1500.0
Elias G.,1487.0741258604812,1527.7045729989381,1432.9860247842369,1413.2155566563192
Granollers Pujol G.,1487.0630316749834,1490.6585183737216,1500.0,1500.0
Harboe P.,1487.053938093109,1490.1500369687121,1500.0,1500.0
Peric T.,1487.0297159069944,1490.2630420680975,1500.0,1500.0
Dreekmann H.,1487.0243027025424,1500.0,1500.0,1468.4583516269684
Salamanca C.,1486.9754793086988,1489.207892971377,1500.0,1500.0
Whitehouse W.,1486.9709443214574,1500.0,1494.7839186674696,1497.182319292299
Corrie E.,1486.8673777224312,1500.0,1500.0,1479.5171182168694
Vemic D.,1486.8506056042029,1501.149255631098,1475.8208502862644,1504.9561371823336
Enqvist T.,1486.831707903956,1458.430656011719,1521.7497084145316,1512.487220915858
Fery A.,1486.8190651403124,1500.0,1487.6461392470894,1454.3960833038857
Nijaki R.,1486.7978703971908,1489.4338849500748,1500.0,1500.0
Matos-Gil I.,1486.7962280504255,1485.5724774667667,1500.0,1500.0
Agaev E.,1486.7868211349496,1500.0,1484.448754758907,1500.0
Brugues-Davi A.,1486.7371637052415,1487.750994430721,1502.1717476993942,1500.0
Statham R.,1486.6375193367764,1500.0,1477.7311666712558,1500.0
Cui J.,1486.6277283491056,1500.0,1483.7165145194876,1500.0
Mu T.,1486.6030763184965,1500.0,1488.5752937529196,1500.0
Derepasko A.,1486.5924265784502,1500.0,1500.0,1481.0716746640637
Matias N.,1486.580747014559,1490.4866993032238,1500.0,1500.0
Ouahabi T.,1486.5804851506193,1488.2956037760432,1500.0,1500.0
Smith A.,1486.5739725226474,1500.0,1486.6630417587896,1500.0
Shvec A.,1486.555380047629,1500.0,1480.844508795378,1500.0
Thompson C.,1486.5550148470927,1500.0,1500.0,1479.0526727204356
Durek R.,1486.543750323583,1500.0,1485.5519884949413,1500.0
Martin D.,1486.5241374258842,1500.0,1477.838466471323,1500.0
Garcia M.,1486.48360891903,1500.0,1500.0,1484.1610111127022
Gomez-Herrera C.,1486.4244837378697,1490.1273554828251,1500.0,1500.0
Halebian A.,1486.4180606353946,1500.0,1485.5497331162378,1500.0
Tecau H.,1486.4005237835731,1500.0,1486.5012150549962,1500.0
Garanganga T.,1486.3660253122023,1500.0,1481.681255781036,1500.0
Bowles C.,1486.2721818307793,1500.0,1486.409439264235,1500.0
Khaddari H.,1486.2686343001874,1491.6148419520634,1500.0,1500.0
Ryderstedt M.,1486.2597483807808,1486.2691908593786,1506.8874091520297,1500.0
Schwaerzler J.,1486.2540355497108,1488.8230682723233,1497.3354881082914,1500.0
Zhang Z.,1486.1783224785715,1500.0,1463.801687394213,1503.6673267741223
Miyao J.,1486.1754726538197,1500.0,1486.8375196493105,1500.0
Brancaccio R.,1486.1650169504046,1490.849743965105,1500.0,1500.0
Klein T.,1486.141312315952,1500.0,1500.0,1480.6645230267266
Yoo D.,1486.1274296187057,1489.1165831626925,1500.0,1500.0
Martin A.,1486.1249515551388,1506.0192670345477,1322.4506817721451,1399.9572373784993
Pervolarakis M.,1486.104955741102,1500.0,1486.9217136043508,1500.0
Gard C.,1486.0254856930353,1487.7583147742964,1500.0,1500.0
Prashanth V.,1485.9425006672834,1500.0,1482.146706677519,1500.0
Cowan B.,1485.9104238806958,1500.0,1484.0,1489.9714394401094
Lojda D.,1485.887983649863,1500.0,1481.839873075392,1500.0
Zhang Ze.,1485.8666505285626,1500.0,1483.2206265596094,1500.0
Coetzee J.,1485.8506880700857,1500.0,1500.0,1478.3933579525935
Hellstrom M.,1485.818168333723,1487.300348772486,1500.0,1500.0
Tiurnev E.,1485.726061389379,1500.0,1483.756604229594,1500.0
Eagle J.,1485.7239377740098,1500.0,1485.7239377741998,1500.0
Dostanic S.,1485.7195814096428,1500.0,1484.598451304022,1500.0
Tiilikainen K.,1485.6994743328928,1486.8881154923365,1500.0,1500.0
Sorensen L.,1485.689616281049,1502.047254703499,1472.0272831056259,1500.0
Manta L.,1485.5682842961078,1488.9264971746043,1500.0,1500.0
Rottgering M.,1485.5677966103221,1500.0,1485.7908372184022,1500.0
Hemmes F.,1485.5509668678415,1487.5688003419602,1507.282402974409,1488.3830482420394
Neumuller I.,1485.5303949229044,1487.7499239259892,1500.0,1500.0
Shyla Y.,1485.5293022142498,1500.0,1478.168349850565,1500.0
Pasha N.,1485.3661800126224,1500.0,1485.0623024926942,1500.0
Navarra M.,1485.3517128503909,1489.3233143314822,1500.0,1500.0
Deen Heshaam A.,1485.3168669362879,1500.0,1484.7736470960065,1500.0
Rodesch C.,1485.2644751788177,1500.0,1500.0,1477.676717424553
Andujar P.,1485.2305182349282,1518.63574540013,1505.303957619897,1368.2344608219837
Ahouda A.,1485.1891949169626,1486.0886103136409,1500.0,1500.0
Vajda I.,1485.1441704459426,1488.5020969685556,1500.0,1500.0
Sousa T.,1485.0711946736392,1488.0,1500.0,1500.0
Krall L.,1485.0342974318603,1500.0,1486.5319166277231,1500.0
Braga P.,1485.0137195865054,1490.0393321656607,1500.0,1500.0
Fruttero J.P.,1484.9960997952055,1500.0,1483.7874580354412,1500.0
Bangoura S.,1484.9315227858237,1500.0,1487.223540054591,1500.0
Flygt K.,1484.848175241467,1488.1342051564814,1500.0,1500.0
Habib H.,1484.823558202759,1500.0,1484.9633765961253,1500.0
Sabry S.,1484.8149671578492,1500.0,1485.7827174302374,1500.0
Li Zh.,1484.7837337437059,1500.0,1484.5475669361836,1500.0
Nedovyesov O.,1484.7834220335,1500.0,1487.0614958098083,1500.0
Vicente M.,1484.7809630603076,1488.815979058216,1500.0,1500.0
Todero N.,1484.7748977386746,1488.4931643289758,1500.0,1500.0
Trotter J.K.,1484.762683854247,1500.0,1481.2517523106987,1500.0
Casanova H.,1484.7429056620294,1487.4457671635541,1500.0,1500.0
Strode B.,1484.736306793522,1500.0,1484.736306793522,1500.0
Smith L.,1484.736306793522,1500.0,1484.736306793522,1500.0
Nunez E.,1484.726937152252,1500.0,1483.8324415765182,1500.0
Hood M.,1484.7119214551865,1487.890643446832,1500.0,1500.0
Knittel B.,1484.6884545756222,1489.7951388899878,1500.0,1465.3047207056597
Escoffier A.,1484.682831220648,1500.0,1483.7570754442736,1500.0
Sandbichler A.,1484.6740977701938,1488.2014107086402,1500.0,1500.0
Garcia-Sintes J.,1484.6697126641347,1490.2036177173711,1500.0,1500.0
Coria G.,1484.6532135599123,1598.0238921128844,1621.5563828804463,1592.0957762221851
Oncins J.,1484.6487940734705,1500.0,1486.2267724052147,1500.0
Martelli M.,1484.642903831612,1488.6115046638618,1499.9340137903462,1500.0
Tkalec M.,1484.6222222494112,1488.4617041501294,1500.0,1500.0
Singh N.,1484.5652392021536,1500.0,1484.4091426318328,1500.0
Budkov Kjaer N.,1484.562742118705,1505.1782449373807,1480.2133590638057,1500.0
Burrieza O.,1484.554386740491,1488.7712784029134,1500.0,1500.0
Silva F.,1484.5290533368927,1481.890295640586,1500.0,1500.0
Wachiramanowong K.,1484.5282601677848,1500.0,1478.2134051058388,1500.0
Ittogi T.,1484.4272154419664,1500.0,1483.466456075359,1500.0
Etcheverry T. M.,1484.4078542056973,1500.0,1481.919413589777,1500.0
Harper-Griffith L.,1484.287496428302,1500.0,1478.9198121970353,1500.0
Ito Y.,1484.2657988118494,1500.0,1484.4023463252133,1500.0
Steckley R.,1484.2400311463734,1500.0,1486.2958959022928,1500.0
Moundir A.,1484.2302728303848,1486.6874800831147,1500.0,1500.0
Niki T.,1484.1949880418942,1500.0,1484.1167738491022,1500.0
Westerhof B.,1484.1724220404103,1486.972544282572,1500.0,1500.0
Hanley P.,1484.142944261634,1500.0,1482.9036147713637,1500.0
Mikrut L.,1484.109208526144,1487.617361723027,1500.0,1500.0
Adaktusson J.,1484.0794065399161,1500.0,1480.200956883509,1500.0
Added D.,1484.0164033069805,1500.0,1484.5925897252996,1500.0
Syed F.,1484.0015580681968,1500.0,1484.0015580681968,1500.0
Patriarca D.,1484.0,1488.0,1500.0,1500.0
Luque D.,1484.0,1488.0,1500.0,1500.0
Dutra Da Silva D.,1484.0,1488.0,1500.0,1500.0
Simonsson F.,1484.0,1488.0,1500.0,1500.0
Lajola D.,1484.0,1500.0,1484.0,1500.0
Artunedo Martinavarro A.,1483.9844148471216,1500.0,1483.783590302771,1500.0
Heide G.,1483.9658991241881,1471.7885631449346,1500.0,1500.0
De Paula F.,1483.9436892879644,1487.585699413623,1500.0,1500.0
Buchanan C.,1483.937431614912,1500.0,1485.0235049292692,1500.0
Al Khulaifi N.G.,1483.9289700994989,1500.0,1483.9372208282925,1500.0
J H.,1483.8917440118853,1488.1020256960355,1500.0,1500.0
Marrai M.,1483.8502859459627,1491.007123969101,1500.0,1500.0
Malcor O.,1483.7780059291392,1487.6918271036777,1500.0,1500.0
Fabbiano T.,1483.7600988904526,1419.7878067289942,1404.3682568351337,1600.5338433796367
Kutac R.,1483.7096921733976,1488.2417208857087,1500.0,1500.0
Vega Hernandez D.,1483.6585262593803,1487.8140187249012,1500.0,1500.0
Mertens Y.,1483.6429833460134,1500.0,1483.7921608591207,1500.0
Andreev A.,1483.6232235184566,1500.0,1478.1510149366657,1500.0
Ruevski P.,1483.6151760807309,1487.6714456799834,1500.0,1500.0
King E.,1483.6139589586078,1500.0,1475.1999128366313,1500.0
Guillen Meza A.,1483.6102444902538,1490.3283685429683,1500.0,1500.0
Im K.T.,1483.5967167033743,1500.0,1483.7726768705436,1500.0
Hutchins R.,1483.5926477431055,1500.0,1482.8158074089256,1500.0
Ratiwatana S.,1483.5876950533177,1500.0,1484.4322683659632,1500.0
Herbert P-H.,1483.5705602295232,1500.0,1483.7055250960589,1500.0
Raja P.,1483.5654906285845,1500.0,1482.292793936721,1500.0
Trusendi W.,1483.5511077858741,1485.5317388542978,1500.0,1500.0
Stanoytchev O.,1483.5397798859303,1487.6137610227142,1500.0,1500.0
Albert M.,1483.5192226386287,1486.429863264851,1500.0,1500.0
Suresh D.,1483.516504505292,1500.0,1472.5909721322794,1500.0
Zahraj P.,1483.4718730428988,1487.5592278135819,1500.0,1500.0
Dedura D.,1483.4244214997075,1488.0217024484598,1500.0,1500.0
Stark J.,1483.404369372343,1500.0,1500.0,1478.9159714994232
Cervantes I.,1483.3707826804166,1466.409777263674,1486.9447830434553,1480.3630373920012
Peralta J.,1483.3640751985188,1489.2599034457628,1500.0,1500.0
Koll H.,1483.3462941006553,1500.0,1483.3462941006553,1500.0
Cook L.,1483.3196565399426,1500.0,1482.3208355957427,1500.0
Al-Alawi S.K.,1483.3034629627632,1500.0,1483.3034629627632,1500.0
Luz O.,1483.3027869135317,1488.8404025475782,1500.0,1500.0
Berasategui A.,1483.2955129427842,1487.3580750727206,1500.0,1500.0
Wang Y.Jr.,1483.263693206478,1500.0,1483.263693206478,1500.0
Ramirez Hidalgo R.,1483.233279915175,1473.4246607609205,1500.0,1500.0
Cruciat A.,1483.180448910039,1489.4899771232247,1500.0,1500.0
Magadan A.,1483.1781034092799,1500.0,1487.01415052734,1500.0
Rachidi Y.,1483.1691904290926,1487.6908354745606,1500.0,1500.0
Ferreiro F.,1483.1688830670473,1484.8232780750332,1500.0,1500.0
Si Y.M.,1483.1121120664127,1500.0,1483.1846787411816,1500.0
Harsanyi P.,1483.1076766206947,1500.0,1484.0,1500.0
Gao X.,1483.1009120802514,1500.0,1486.1018159647206,1500.0
Statham J.,1483.1008712784085,1500.0,1466.4022647580225,1500.0
Rios F.,1483.0720554202992,1488.6438463986037,1500.0,1500.0
Saavedra Corvalan C.,1482.9844708402106,1487.1215067552307,1500.0,1500.0
Granollers G.,1482.9779361178967,1487.8656856409937,1500.0,1500.0
Deheart R.,1482.9034232232102,1500.0,1481.2166359810578,1500.0
Forbes M.,1482.892778609716,1500.0,1481.9225233609855,1500.0
Djuric B.,1482.8727745219253,1500.0,1482.9568497017924,1500.0
Settergren J.,1482.8707934119568,1504.3535818225062,1473.3067068662206,1500.0
Behrmann M.,1482.8652735388878,1500.0,1481.2974467287777,1500.0
Rodriguez B.,1482.8423684763718,1488.1328610091114,1500.0,1500.0
Andersson H.,1482.8266389240325,1488.0,1500.0,1500.0
Chrysochos P.,1482.774342271091,1500.0,1481.2577124887994,1500.0
Nader M.,1482.7404176374378,1500.0,1482.7023771283555,1500.0
Carretero R.,1482.7221991471565,1487.3486677853223,1500.0,1500.0
Takeuchi K.,1482.5974643559937,1500.0,1482.5804764194295,1500.0
Bachelot J.F,1482.5954097480871,1499.315804998602,1516.32062378517,1468.275705926941
El Amrani R.,1482.577630482534,1492.6234073349365,1486.474525365271,1500.0
Lin J.M.,1482.57270140703,1500.0,1482.2778615442942,1500.0
Poerschke L.,1482.527163008934,1500.0,1481.0984394464983,1500.0
Zlatanovic A.,1482.500817943795,1487.0171130958913,1500.0,1500.0
Bozic I.,1482.4909626844071,1487.2078284535523,1500.0,1500.0
Wiltschnig H.,1482.4858265901685,1487.6807450654665,1500.0,1500.0
Carlson A.,1482.483783413924,1500.0,1483.5797882379322,1500.0
Gomez F.,1482.4150195632772,1486.7639394957196,1496.2762221716478,1500.0
Sarkissian A.,1482.3226223668692,1498.3718688770514,1479.853781139919,1500.0
Reinberg E.,1482.3142945465172,1500.0,1485.9077201070588,1500.0
Sekulic M.,1482.285985433811,1500.0,1482.1666163699845,1500.0
Brizzi A.,1482.2788433632934,1487.4251349790507,1500.0,1500.0
Do M.Q.,1482.2547297916074,1500.0,1483.6067687854422,1500.0
Van der Merwe I.,1482.21583331749,1500.0,1502.885065202136,1470.833751442172
Martineau M.,1482.1819675966624,1500.0,1493.021817215224,1486.3933438312285
Bourgeois L.,1482.1736846111517,1500.0,1481.1690174690868,1500.0
Trevisan M.,1482.1524212081272,1487.2691833819522,1500.0,1500.0
Panfil G.,1482.1425112695017,1487.226043330434,1500.0,1500.0
Ferreira Silva F.,1482.1237013070763,1500.0,1477.5734468355467,1500.0
Quintero M.,1482.1140736160776,1487.5574194529293,1500.0,1500.0
Kirkin E.,1482.1116565320033,1500.0,1493.012001357147,1480.2445100093198
Jiang S.,1482.097891166164,1500.0,1486.816293473129,1500.0
Gea A.,1482.079970046084,1500.0,1481.869908883436,1500.0
Shimizu Y.,1482.061591105054,1500.0,1482.0765281619479,1500.0
Condor F.,1482.028731556806,1483.9348637254611,1500.0,1500.0
Arquez P.,1481.969084016233,1487.585699413623,1500.0,1500.0
Saoudi S.,1481.9430066354462,1500.3671373639268,1472.311789289011,1500.0
Odesnik W.,1481.9236263592243,1589.987127815434,1439.3710159601942,1383.0877914285213
Dhamne M.,1481.8790896373994,1500.0,1482.9379019839441,1500.0
Podlipnik H.,1481.8722558372535,1486.2100070615677,1500.0,1500.0
Dupre T.,1481.8661988563008,1500.0,1482.254675261248,1500.0
Marcan D.,1481.8040398295575,1500.0,1477.7945695231374,1500.0
Kroslak J.,1481.7832798499944,1487.550803664565,1499.9436267705755,1500.0
Schuttler P.,1481.7437270314724,1500.0,1482.6046804217215,1500.0
Svajda T.,1481.7184373400908,1500.0,1480.8036167736782,1500.0
Spracklin T.,1481.7044142540367,1500.0,1482.516451735846,1500.0
Bohaboy D.,1481.6914801584517,1500.0,1479.333436539061,1500.0
Logtens P.,1481.6885718901112,1500.0,1500.0,1468.862773699127
Walter L.,1481.681952361878,1500.0,1500.0,1474.6752873186888
Mott B.,1481.6548657295443,1500.0,1477.8337686712575,1500.0
Tomashevich D.,1481.63031182893,1500.0,1486.0616981470603,1500.0
Xu J.C.,1481.6176941874628,1500.0,1482.5263049248028,1500.0
Bogaerts R.,1481.6131202900563,1500.0,1477.9332515002254,1500.0
Clayton A.,1481.586668105662,1500.0,1482.4524469412331,1500.0
Craca M.,1481.5409453863197,1486.3360448832373,1500.0,1500.0
Silva D.,1481.5380055690418,1487.7902965480844,1500.0,1500.0
Scholtz N.,1481.4754924382878,1500.0,1479.639630222142,1500.0
Kirillov E.,1481.4612045501265,1500.0,1490.431764168651,1477.346966350359
Crugnola M.,1481.3843494209734,1494.6109547891533,1481.4027736729356,1500.0
Ayala D.,1481.3767220004029,1500.0,1481.5487319442,1500.0
Minar J.,1481.364256104962,1500.0,1478.9030282251224,1500.0
Couto E.,1481.3369549509935,1488.0,1500.0,1500.0
Zeng S.X.,1481.2921755054567,1500.0,1470.9885486263202,1500.0
Safranek V.,1481.1968395983554,1500.0,1475.5933034887064,1500.0
Gabashvili T.,1481.1934529915623,1533.3123290639232,1467.3149636585313,1366.329331623339
Ouahab L.,1481.1493561365492,1496.216122505388,1463.9385959270548,1500.0
Weinzierl J.,1481.120650360867,1487.5127974256593,1500.0,1500.0
Kasnikowski M.,1481.081082252172,1500.0,1475.366008505385,1500.0
Androic T.,1480.9829834736684,1489.584840193791,1490.5067079541257,1500.0
Van D. Merwe I.,1480.963861036125,1500.0,1480.7965537097452,1500.0
Gallardo Valles M.,1480.9425893078724,1486.1924346723365,1500.0,1500.0
Smit J.,1480.9234620383813,1500.0,1480.8330849456588,1500.0
Chaen T.,1480.9163019690438,1500.0,1479.0591721390267,1500.0
Tseng C. H.,1480.8793237668147,1487.5979785304796,1479.3046350054665,1500.0
Nedunchezhiyan J.,1480.8544124953291,1500.0,1481.4849981746256,1500.0
Bellucci T.,1480.8041756262269,1514.873748674845,1512.233720763099,1448.02966437633
Thomas J.,1480.7802468520977,1500.0,1481.3395282490658,1500.0
Sakharov G.,1480.74648798924,1504.1588835659657,1465.4938033912438,1500.0
Andersen J.,1480.7383683231697,1500.0,1481.4106914498586,1500.0
Moreno De Alboran N.,1480.7183628530988,1491.5976912414937,1456.8406551743487,1500.0
Norby R.,1480.6037931636113,1500.0,1479.9971669880752,1500.0
Dailey Z.,1480.557086158414,1500.0,1478.4074565845297,1500.0
Piccari F.,1480.4622347320956,1486.023913131269,1500.0,1500.0
Lipsky S.,1480.4489599034537,1500.0,1500.0,1481.47477730727
Kralert P.,1480.3445149367608,1487.122001930529,1500.0,1500.0
Bellotti R.,1480.3336946032853,1483.9875093868295,1500.0,1500.0
Ellwood B.,1480.3131077607018,1500.0,1500.0,1478.8461925642132
Tearney F.,1480.2578970825693,1500.0,1476.6124417963192,1500.0
Agostinelli B.,1480.1489721879295,1500.0,1481.246045451912,1500.0
Sanchez De Luna J.,1480.0904613190744,1481.3218921322668,1500.0,1500.0
Becker B.,1480.0414373336566,1389.692829200159,1481.54132141299,1543.9152462860552
Uppal V.,1480.0307801829551,1500.0,1479.7450495447872,1500.0
Fornell M.,1480.026780988246,1485.2143697333606,1500.0,1500.0
Torpegaard M.,1480.0120250499995,1500.0,1477.2472143931045,1500.0
Devilder N.,1479.9869543258537,1481.1545016775312,1409.5541982154164,1481.5500405900762
Ritschard A.,1479.9138085873012,1475.457669619271,1507.2981118509779,1481.097480501758
Aragone J.,1479.8478023186078,1500.0,1490.8630740944307,1478.766476302784
Lapentti N.,1479.8175221106555,1516.9374731787825,1502.1947715363106,1477.4934025914433
Mecir M.,1479.7163036449763,1480.8249762348566,1492.757991655018,1500.0
Koenig R.,1479.669299792186,1500.0,1481.9209139377385,1500.0
Pioline C.,1479.6551560286891,1486.2662479422809,1466.577814242535,1487.839147529235
Levinsky J.,1479.639857801286,1485.29018423072,1500.0,1500.0
Britton D.,1479.597660366339,1500.0,1473.16444979894,1500.0
Belal C.,1479.5305502010792,1486.915988442664,1500.0,1500.0
Myneni S.,1479.4631480569888,1500.0,1469.195249399432,1500.0
O'Neal J.,1479.416483175989,1500.0,1480.6898993563334,1500.0
Russell M.,1479.3560250052803,1376.717885596303,1531.6527135835647,1422.5104839182623
Dancevic F.,1479.2790845010823,1440.0968629735978,1419.3109599122397,1501.1656542260794
Moro Canas A.,1479.2631969327201,1508.6882449895072,1486.3300328840996,1468.3805710109223
Sakamoto R.,1479.2359834313474,1500.0,1476.1307960831666,1500.0
Romboli F.,1479.1802748975833,1487.5441095360372,1500.0,1500.0
Pacheco Mendez R.,1479.1207355581678,1500.0,1460.6639443703252,1500.0
MacLagan M.,1479.061314449607,1500.0,1479.8127056548187,1500.0
Norman M.,1479.0528411482435,1433.5545048887614,1526.677481911948,1500.0
Borg L.,1479.0197999702923,1499.8765000287885,1469.1580750571054,1500.0
Schiessling T.,1478.9986175735514,1484.6882511974493,1500.0,1500.0
Monteiro J.,1478.9247002104328,1500.0,1476.096718888748,1500.0
Parada F.,1478.9246374220124,1487.377553642044,1500.0,1500.0
Oswald P.,1478.881821015541,1488.9456781223548,1488.5155746809226,1500.0
Van der Dium A.,1478.8780321847466,1500.0,1478.8026751221187,1500.0
Tenconi T.,1478.8414362770143,1480.3067236999923,1500.0,1500.0
Ito T.,1478.686043904645,1478.0449728680248,1436.7317041494423,1492.3833568592524
Crawford O.,1478.6021685089845,1500.0,1500.0,1466.3736125732883
Inglot D.,1478.594879673622,1500.0,1465.4604154847495,1500.0
Chvojka E.,1478.5607322324834,1490.0135300197257,1494.3501980452122,1500.0
Mayer L.,1478.5316168836864,1552.3922061778658,1514.5136734755847,1517.1911149959262
Laaksonen H.,1478.4170981999157,1534.086767314419,1456.8982383653604,1442.844864261312
Blanch Dar.,1478.347508586152,1500.0,1479.3852513198722,1500.0
Fleming C.,1478.336708751915,1500.0,1500.0,1464.7367134560984
Yim R.,1478.228766009092,1500.0,1474.6874135022754,1500.0
Guzman J.,1478.1641009434632,1500.0,1500.0,1468.6331292746056
Awadhy O.,1478.110616304074,1500.0,1478.2523107424956,1500.0
Moser F.,1478.085128629138,1500.0,1484.0,1482.3266291881068
Radic M.,1477.9931129643173,1477.853153598303,1500.0,1500.0
Mena F.,1477.8495720335914,1500.0,1481.090232547709,1500.0
O'Connell C.,1477.7765356029151,1500.0,1473.6097708542989,1500.0
Qureshi A.U.H.,1477.7749526092637,1500.0,1466.0850585703583,1503.1061366834697
Agenor R.,1477.7584531475288,1488.0,1486.6531335334432,1500.0
Zayid M.S.,1477.7467294071798,1500.0,1472.077472990877,1500.0
Galovic V.,1477.7366496416444,1496.2269515351154,1500.0,1461.0207248177971
Vico U.,1477.6508446940913,1492.3176741003936,1490.3748258394278,1489.1227096074058
Arnaboldi A.,1477.6447371768663,1484.2493784028131,1487.4819120484015,1479.933981267352
Lalami Laaroussi Y.,1477.519875911037,1481.973482875141,1500.0,1500.0
De Loore J.,1477.3985052807136,1491.545905601956,1485.945273692663,1500.0
Herm-Zahlava J.,1477.3506114309405,1485.4209312645935,1500.0,1500.0
Mayer F.,1477.3279190826718,1487.042022524944,1464.319420859199,1638.580685018964
Viola Mat.,1477.2416739828373,1500.0,1469.5832408927647,1500.0
Melzer G.,1477.2105295779418,1506.3499894682984,1427.8046682553365,1500.0
Amritraj P.,1477.1971171147964,1500.0,1376.3248116393315,1559.1507324242286
Lisnard J.,1477.099965974828,1497.9343932948982,1456.058416344626,1500.0
Jasika O.,1476.8754226198305,1500.0,1469.125013072302,1500.0
Junaid R.,1476.7893692880004,1500.0,1492.084642288506,1479.649949021425
Slabinsky A.,1476.7212295566478,1500.0,1500.0,1459.0201331445478
Ebelthite C.,1476.714565564156,1500.0,1476.6558474450776,1500.0
Vasilevski A.,1476.673354565058,1500.0,1478.0169664935324,1500.0
Idmbarek Y.,1476.6239252088287,1479.4145603875163,1500.0,1500.0
Vardhan V.,1476.6074235848314,1500.0,1473.339681735297,1500.0
Vovk S.,1476.601029568199,1500.0,1476.7395475596659,1500.0
Bower J.,1476.5903188155692,1500.0,1500.0,1463.5360653544024
Reyes-Varela M.A.,1476.5777042338916,1491.0642303812326,1489.0359508733516,1500.0
Oudsema S.,1476.4802859280835,1500.0,1490.1439149841713,1484.3520316667134
Kauffmann C.,1476.4705671981087,1479.6176030369554,1500.0,1500.0
Chaki R.,1476.2844058235798,1481.7293292268769,1500.0,1500.0
Gong M.X.,1476.2778131268867,1500.0,1473.6432936807116,1500.0
Delfino M.,1476.251303244167,1481.402663993487,1500.0,1500.0
Horna L.,1476.1908596472401,1558.6957195127372,1450.7010420109941,1362.3375894964852
Madaras D.,1476.1576653658622,1488.7309314355361,1486.010022342969,1500.0
Gaudio G.,1476.139059330503,1536.0850757484093,1518.4736966294108,1466.5233366340756
Chung Y.,1476.1215334121982,1500.0,1487.3020386332023,1487.0820974993348
Kohlmann M.,1476.0569538591328,1515.1257532362742,1421.776961170471,1466.8337464024544
Bourgue M.,1475.895916127194,1487.7349728232048,1479.2697849882938,1500.0
Granollers-Pujol G.,1475.8624349360173,1483.127968774957,1500.0,1500.0
Hirigoyen I.,1475.6241184089454,1487.4560623137231,1484.5064239039327,1500.0
Boeker M.,1475.621880883979,1492.5000407660082,1479.6362116818852,1500.0
Berrer M.,1475.5200617088426,1453.158515401606,1499.123194719849,1408.500351453799
Niemeyer F.,1475.4944636434334,1500.0,1446.687145552317,1487.8633032898772
Santopadre V.,1475.4704373488737,1487.489976500997,1485.3940894161815,1500.0
Luncanu P.A.,1475.459533076249,1487.444281439567,1483.9783491216317,1500.0
Benneteau A.,1475.437861168082,1500.0,1477.3663243979158,1500.0
Marti Y.,1475.3336777851564,1478.4012837439357,1500.0,1500.0
Linzer M.,1475.2544497879192,1478.255875701041,1500.0,1500.0
Neumayer L.,1475.1852974562369,1479.73183213386,1500.0,1500.0
Serra F.,1475.0825735101187,1519.0680789526818,1456.9616214191012,1417.4414394973776
Kuzmanov D.,1475.0044169376606,1524.8922536987886,1420.766068734023,1500.0
Ferrero J.,1474.956654492008,1490.5045541053084,1488.7544648194205,1500.0
Popp T.,1474.889520270932,1479.065837627012,1500.0,1500.0
Damm M.,1474.7736214751665,1467.2089115791312,1524.2684816424687,1442.8930047824165
Black W.,1474.7006110415582,1500.0,1446.3949981270398,1490.070074785415
Gambill J.M.,1474.6841151842143,1371.807375076379,1478.1451095099476,1501.5530338728895
Hippensteel K.,1474.658930942377,1500.0,1458.0150514499273,1500.0
Krawietz K.,1474.635363957028,1467.9637282117785,1500.0,1493.9360493421316
Bailly G.,1474.5676710908626,1500.0,1466.321053121041,1500.0
Simmonds P.,1474.2263227058634,1500.0,1465.1848841889769,1500.0
Breen M.,1474.1932988646872,1500.0,1474.1932988646872,1500.0
Gallardo M.,1474.1188698080168,1482.776312156197,1500.0,1500.0
Siriluethaiwattana P.,1474.1130230601332,1500.0,1471.3873826794563,1500.0
Molteni A.,1474.029018572485,1479.8195834071241,1500.0,1500.0
Fidirko N.,1474.0243232029554,1500.0,1471.108088334321,1500.0
Jones G.D.,1473.8682556167803,1500.0,1465.735080975201,1500.0
Kozlov S.,1473.8480262502358,1490.7094210343766,1449.2939428782677,1476.4380510348203
Roux L.,1473.7295508807144,1500.0,1470.7338356132361,1500.0
Nikles J.,1473.593452237211,1476.4767818278401,1500.0,1500.0
Hartfield D.,1473.3303104931126,1502.5980260673268,1461.8065973654413,1445.1071403535266
Perry T.,1473.2070699732208,1500.0,1473.2070699732208,1500.0
Molleker R.,1473.053606607864,1473.6118825792742,1489.2849411888967,1462.0226861604115
Krstin P.,1473.0337286394188,1488.028085162325,1480.3392730882556,1500.0
Kunitcin I.,1472.7310993971323,1500.0,1473.8258849665126,1500.0
Mayot H.,1472.6821508463358,1475.5563840273935,1480.6290223167782,1486.2515064698548
Bossel A.,1472.5393212608672,1500.0,1500.0,1466.9744240060888
Robert S.,1472.3391353411828,1462.732482779022,1451.172921589787,1465.1878839873011
Betov S.,1472.3364387725703,1500.0,1470.1451872392108,1500.0
Chekov P.,1472.2428740041803,1500.0,1470.1298946978766,1500.0
Moriya H.,1472.1030652779687,1500.0,1472.2942491350652,1489.405671095181
Ali Mutawa J.M.,1472.0531344309052,1500.0,1468.8301985016083,1500.0
Berlocq C.,1472.023073955575,1501.995025358334,1511.995860520491,1364.489901901726
Hajji A.,1472.0195438018332,1500.0,1470.157008802294,1500.0
Lukaev R.,1472.0047684154554,1500.0,1470.0912307200551,1500.0
Roshardt R.,1471.9752246543449,1479.117700778141,1500.0,1500.0
March O.,1471.932628472369,1500.0,1473.7809677129642,1500.0
Washington M.,1471.9235276134689,1500.0,1472.2360722102246,1500.0
De Schepper K.,1471.8736125742,1413.9798105548984,1468.1730401101063,1525.3365405630764
Matkowski M.,1471.8599867239416,1481.5598209394325,1500.0,1500.0
McCabe J.,1471.8062612319488,1500.0,1484.0,1465.2112548479338
Dell'Acqua M.,1471.740115116178,1485.2278898429252,1472.2664285125384,1502.5961612706456
Rola B.,1471.7212950003245,1499.1739146200146,1464.172221043575,1432.9869760879988
Chidekh C.,1471.6190803944196,1500.0,1468.9488539146255,1500.0
Burniol G.,1471.5941236091037,1477.0236392219686,1500.0,1500.0
Ghem A.,1471.4810770510915,1478.850766350188,1500.0,1500.0
Torebko P.,1471.4781347046717,1475.8587735626472,1500.0,1500.0
Rea S.,1471.4711313499504,1500.0,1469.6183982909727,1500.0
Donskoy E.,1471.4156324252488,1398.6003985766258,1452.7365821044148,1394.921810730143
Costa F.,1471.3674723174058,1488.0,1485.5825125570127,1500.0
Aranguren J.M.,1471.3205296642072,1476.0172295160019,1500.0,1500.0
Pavic A.,1471.2971326296024,1480.9913871106796,1472.4377334605344,1494.7162779328673
Moraru G.,1471.2017893242696,1478.647559480614,1500.0,1500.0
Coria F.,1471.036686492673,1538.628073958262,1383.0340195486913,1406.2560397958202
Ramirez C.,1470.8841827266544,1480.0450601011742,1500.0,1500.0
Sitak A.,1470.8762107612142,1500.0,1469.4296225166438,1500.0
Voltchkov V.,1470.7781210159942,1427.3717323885942,1493.575826141491,1433.3801358174878
Yang T.H.,1470.7122117199242,1500.0,1464.9396398842755,1500.0
Cabal J.S.,1470.6470896113633,1475.5997606953144,1500.0,1500.0
Kondo H.,1470.5594245400193,1500.0,1465.5703361912392,1500.0
Sun F.,1470.4896606261775,1500.0,1466.4467954042993,1500.0
Martin F.,1470.2931998970416,1500.0,1481.3986045558486,1480.7558202952566
Corretja A.,1470.1659575798424,1480.732817840061,1522.9687643131153,1459.2387646372556
Olivetti A.,1469.9810740438277,1483.0642327402684,1519.4423615964658,1449.7881534177675
Al Ghareeb M.,1469.9515527414155,1493.8690113698326,1472.6057030913719,1500.0
Struvay E.,1469.8967065465351,1478.0881714797606,1500.0,1500.0
Rieschick S.,1469.8910730019236,1473.8094280469154,1500.008917249518,1500.0
Navarro-Pastor I.,1469.884417990088,1474.0517823929422,1402.6094585953338,1461.6024500073195
Cressy M.,1469.6395008231225,1422.5831085282025,1529.9682668822934,1522.5454964312664
Grenier H.,1469.4679256369475,1471.0646792234093,1459.376188404664,1500.7770746391964
Viola M.,1469.392995066518,1478.6995300061333,1483.9414897561524,1471.9032055585137
Oliel Y.,1469.2730563073703,1500.0,1468.3939204764104,1500.0
Al Mutawa J.,1469.187214969406,1500.0,1470.7445023572873,1500.0
Broom C.,1469.164755986845,1500.0,1500.0,1462.7264066216292
Kimmich M.,1469.0353851546101,1500.0,1457.9999658871131,1500.0
Biryukov M.,1469.0169512482016,1500.0,1461.3149873021541,1500.0
Pannu K.,1468.9778658933683,1500.0,1461.64627138465,1500.0
Zverev M.,1468.8882334417062,1449.1398691437169,1466.6756100335897,1584.8273734726706
Niland C.,1468.884435726836,1487.869931573384,1499.2197645655974,1471.0960751836758
Andersen J.F.,1468.7726473742548,1479.1955126093164,1483.0507824617707,1500.0
Chen T.,1468.76506675085,1500.0,1467.8522200100495,1500.0
Hilton M.,1468.722523527265,1500.0,1500.0,1430.0186758672269
Thron A.,1468.6610395015878,1493.734902039335,1479.061502581201,1500.0
Rastogi K.,1468.6587778462144,1500.0,1468.2559893057803,1500.0
Chappell N.,1468.6084779403764,1500.0,1468.8745655453768,1500.0
Arevalo M.,1468.6068656454122,1489.3198084927803,1482.517384573368,1500.0
Valkusz M.,1468.5699900246059,1488.0,1475.7381287389028,1500.0
Melo D.,1468.5011816278227,1486.6429032121846,1481.282904532382,1500.0
Henry R.,1468.441990995838,1500.0,1470.262382836306,1500.0
Levine I.,1468.3955657616511,1500.0,1483.2247147095318,1480.0
Rincon D.,1468.2589684626805,1470.7608689825438,1500.0,1500.0
Rehnquist B.,1468.2500258169352,1508.1011307369456,1438.0217112320693,1500.0
Varlet J.,1468.1565232758653,1478.2494249379763,1472.1862552797081,1500.0
Catarina L.,1467.7981551448315,1466.8210537202501,1500.0,1500.0
Altamirano C.,1467.680858221769,1500.0,1464.8945893449463,1500.0
Urban F.,1467.6254305651005,1473.3249855141821,1500.0,1500.0
Soeda G.,1467.5462594550213,1435.4962433796402,1446.3020117314381,1445.6151051075683
Hank T.,1467.3569112869582,1500.0,1466.7144389300972,1500.0
Millot V.,1467.353343381883,1462.221556772379,1468.262823326791,1467.242872132028
Ishii Y.,1467.2603004159794,1500.0,1465.1258116801996,1500.0
Escobar G.,1467.208943383127,1475.6674535818331,1500.0,1500.0
Kuhn N.,1467.1172522645857,1488.315167650553,1497.1993290801092,1463.885847728083
Bogomolov Jr. A.,1467.0896435304346,1500.0,1457.477665774784,1500.0
Hamou M.,1467.040786386903,1465.965522864676,1500.0,1500.0
Collarini A.,1467.00976710127,1475.8943862800518,1500.0,1500.0
Samper-Montana J.,1466.912120881026,1473.8538655528569,1500.0,1500.0
Moroni G.M.,1466.9117129187375,1488.3159574719089,1479.7626900344762,1500.0
Elgin M.,1466.9114046965115,1500.0,1436.023835623488,1500.0
Smyczek T.,1466.7100787820434,1450.2355435418367,1462.7895203581552,1468.7896448228232
Youzhny M.,1466.6818074091589,1424.0800687709682,1528.616100028212,1547.295520386845
Querry S.,1466.653807658344,1500.0,1459.046854053891,1505.9513353543268
Delgado R.,1466.6254736986543,1468.5750672504064,1477.7439221257362,1416.9463501948126
Moyano D.,1466.5839100961207,1475.806383513009,1500.0,1500.0
Poljicak M.,1466.312640514358,1471.8512407915152,1500.0,1500.0
Zitko R.,1466.2073777499104,1487.6326525783384,1481.09612215496,1500.0
King K.,1466.2018852739286,1490.5281597981425,1481.789175704625,1488.5635734146404
Teixeira M.,1466.1947111063716,1487.5126449652744,1477.0446934926536,1500.0
Fyrstenberg M.,1466.1905552630212,1472.6706176469993,1500.0,1500.0
Dolgopolov A.,1466.1501329405799,1470.7604551659942,1500.0,1500.0
Popko D.,1466.1234165831509,1500.0,1464.1323217787042,1500.0
Verkerk M.,1466.0850270685073,1542.6363400269597,1491.4169042938338,1454.2282032388157
Baccanello P.,1466.07726375946,1500.0,1467.1277463706845,1498.1039858869183
Kirchheimer S.,1466.0226000169484,1500.0,1469.6059665097118,1500.0
Blockx A.,1466.0182705049879,1500.0,1466.6497630501094,1477.8213048641508
Belic L.,1466.007544606694,1468.0928715419593,1500.0,1500.0
Sanchez M.,1465.816878254019,1486.4916369954478,1483.3909376624697,1500.0
Kern R.,1465.7912187068657,1473.1793406346474,1500.0,1500.0
Bhupathi M.,1465.6682628231958,1500.0,1466.3422670220166,1500.0
Wu T.L.,1465.6168573032755,1500.0,1460.7565104149817,1500.0
Wassen R.,1465.592961056822,1472.1803059904832,1498.9448273016924,1500.0
Ager J.,1465.3793181073638,1475.6294075469666,1500.0,1500.0
Zapata Miralles B.,1465.280395219227,1560.6011347928318,1374.633341725297,1382.8398769371167
Andreozzi G.,1465.274825712694,1448.1630081749227,1504.6850113738265,1440.1180406226306
Aguilar J.,1465.2068434915232,1468.5388208184727,1500.0,1500.0
Goransson T.,1465.186113811101,1473.9731181054565,1500.0,1500.0
Baldi F.,1465.1622994444665,1472.196069078928,1500.0,1500.0
Azzaro L.,1465.1446956509096,1469.7112106507607,1500.0,1500.0
Nam J.S.,1465.0399738498832,1500.0,1462.2051883932215,1500.0
Kudla D.,1464.8353004721218,1409.4217751769354,1456.965802347408,1571.6026046124064
Prpic A.,1464.7711854799568,1474.57259200153,1500.0,1500.0
Yoon Y.,1464.7207745829676,1500.0,1479.9410245654956,1473.3241101863014
Svarc L.,1464.689431542707,1488.8521182499446,1477.5120346666688,1500.0
Bogomolov Jr.A.,1464.66845064672,1500.0,1459.126863290664,1500.0
Faria J.,1464.6118538793874,1470.7417489307882,1501.5584260330209,1476.558695556601
Ramos-Vinolas A.,1464.5837781849812,1521.8755109893757,1422.2281232671533,1385.9495221095915
Couacaud E.,1464.5631454491775,1484.005684390689,1485.9260280064182,1458.609998563273
Zhu B.Q.,1464.5166453949296,1500.0,1469.7831455967548,1500.0
Gaston H.,1464.0479634874805,1498.9049710280003,1470.8384010296647,1466.6649832891087
Faurel J.C.,1463.95018890143,1471.6782343151049,1487.8165940873564,1467.123542908602
Jones G.,1463.9063509651064,1500.0,1467.6779798065536,1485.8143616883006
Skoch D.,1463.9011461328091,1480.9561709785746,1488.4317796790351,1500.0
Thomann N.,1463.7454593267576,1449.2206356253328,1501.2813423987452,1486.3687939412348
Berta D.,1463.590312324633,1486.8646551115883,1500.0,1477.5414296887764
Portas A.,1463.50836533832,1463.5535862291538,1358.7825260901136,1361.089654080346
Cachin P.,1463.4817111686195,1501.1865984683488,1417.173545652966,1478.090797897994
Mathieu P.,1463.3464841491389,1484.5936088798233,1478.5718481048368,1496.862176392997
Rosset M.,1463.2934793550198,1432.9600836492455,1470.3679319024757,1456.3664642321176
Capalik K.,1463.2815720953672,1487.4568323353433,1481.5744490583402,1502.132952894096
Gremelmayr D.,1463.2431887501598,1533.1799422159563,1424.3022150233553,1403.4424611307968
Sidorenko A.,1463.1908868524652,1469.0412134040446,1478.9319521004104,1500.0
Scherrer J.C.,1463.00102270879,1500.0,1482.6279690067472,1456.5903090911968
Muster T.,1462.9760313385502,1492.5850359268964,1467.6006125885733,1500.0
Jung J.,1462.9697258275428,1482.509439563338,1452.2805623344577,1507.895972458651
Marrero D.,1462.7447362016385,1473.1398495958558,1500.0,1500.0
Nam H.W.,1462.723222438161,1500.0,1463.2057712344308,1500.0
Shimada T.,1462.5999504918204,1500.0,1483.1783748686032,1478.8499774443092
Woodbridge T.,1462.380680363741,1500.0,1442.0529307269271,1521.3602751242408
Ivanov-Smolensky K.,1462.3710392861685,1500.0,1483.6998226493931,1479.0951143699222
Olejniczak D.,1462.3678542951973,1481.8402327028502,1500.0,1472.8191491316097
Kumantsov A.,1462.2095269415345,1500.0,1460.3178532579686,1500.0
Yu X.Y.,1462.1790363704931,1500.0,1462.7015663203026,1500.0
Kennedy A.,1462.0897223432287,1500.0,1475.9787975264715,1476.2591628559367
Eleskovic E.,1462.047818953606,1497.44903527643,1451.2238020680393,1500.0
Nedelko I.,1461.8021464772662,1500.0,1455.156895052071,1500.0
Kutsenko V.,1461.7768935493427,1500.08056840404,1456.6396040153445,1500.0
Browne F.,1461.650070800339,1472.4146762994433,1476.8222000481367,1500.0
King P.,1461.2173250540557,1500.0,1457.5627627350163,1500.0
Mccabe J.,1461.194841494583,1500.0,1466.7293021096032,1480.0
Bhambri Y.,1461.177986320039,1480.4505708705324,1490.989697079831,1454.2386386274661
Setkic A.,1461.1772667535934,1481.0305020222595,1483.1398274211035,1500.0
Masur D.,1460.8867851291473,1486.030832136242,1479.8611173681227,1471.03651376183
Ionita V.,1460.8208179311237,1468.341563008292,1500.0,1500.0
Choinski J.,1460.7174128623903,1492.5505432893992,1466.2302245282765,1432.258301278486
Krutykh O.,1460.6182925595465,1488.4527246083558,1472.328803168204,1500.0
Riba-Madrid P.,1460.5650257562168,1488.392753761903,1500.0,1462.44943148641
Miedler L.,1460.516153445677,1488.8868025085967,1472.069702483418,1500.0
Lareau S.,1460.4489080458052,1487.1831101359514,1474.4247980035038,1501.1500225556908
Pescosolido S.,1460.356096521453,1471.1836417447967,1490.9555373449589,1489.3072530026257
Uchiyama Y.,1460.2661986026478,1474.7648079846842,1496.8398749169353,1426.16917241417
Ghedin R.,1460.199626708937,1500.0,1485.1046707850526,1458.0510494713371
Giustino L.,1460.1403764504928,1471.1677493932973,1478.500895879399,1500.0
Iwami T.,1460.0932855280262,1500.0,1458.664121811366,1500.0
Desein N.,1460.082812769712,1488.9694897399804,1482.500431242901,1476.7626515055276
Skatov T.,1459.9884200893725,1498.8370206449904,1443.8877137231277,1500.0
Huet S.,1459.6542088393578,1500.0,1443.6784542247456,1504.7037074364216
Cermak F.,1459.369605257285,1502.3775104475728,1437.868104689191,1506.3271702458203
Meligeni Alves F.,1459.000383884495,1468.881615024951,1508.4029277873487,1472.2001779242642
Ward A.,1458.9856050242227,1494.026444479713,1500.0,1426.0721357467437
Dorsch B.,1458.8595703058966,1500.0,1474.624821818827,1476.4661718974774
Rehberg M.,1458.826158986732,1458.0477214469506,1500.0,1500.0
Mazarakis V.,1458.7993629946038,1476.4243856235446,1484.1287721579067,1500.0
Furlan R.,1458.6978266620295,1476.4525403816315,1476.7364792179924,1500.0
Echagaray B.,1458.6930493953687,1479.0204157118892,1488.474203830108,1500.0
Delic M.,1458.4315928089623,1466.8761226502525,1484.6782757868052,1500.0
Trifu G.,1458.3732011399372,1479.918326275792,1500.0,1480.7159831880965
Larkham T.,1458.188069592966,1471.7682292183613,1501.0906284704433,1475.3591820234526
Moldovan I.,1458.118235911224,1468.5970378773175,1500.0,1500.0
Bozoljac I.,1458.0688371091178,1496.882584274012,1440.0383695121884,1479.4142267030788
Davletshin V.,1458.0397297781767,1500.0,1456.5631680189717,1500.0
Black B.,1458.0312260016015,1481.0925067530095,1433.9045443449395,1523.029898863545
Veic A.,1457.8451673891325,1471.4006485921411,1476.596427858517,1500.0
Golubev A.,1457.809422208994,1478.2544993049075,1445.0259308555735,1383.698949488453
Dasnieres de Veigy J.,1457.7682866041587,1482.133520766522,1472.9366673063719,1500.0
Marray J.,1457.683040114256,1500.0,1489.7085372779898,1446.6000139233402
Piros Z.,1457.4552300245944,1486.7972971199667,1463.3393483408574,1500.0
Sanguinetti D.,1457.3198207051782,1437.7189079657085,1488.918414963376,1442.406909624701
Lorenzi P.,1456.9015445250507,1441.3017006610778,1520.4038029741394,1335.496222289907
Devvarman S.,1456.71447824161,1457.248983476023,1509.0698579158452,1458.5189458821194
Mukund S.,1456.6478601637796,1500.0,1469.084594963479,1480.0
Wilson B.,1456.3155989503157,1500.0,1463.5938195677436,1480.0
Gamonal H.,1456.2175937384313,1479.7411153948833,1480.2885132131871,1500.0
Lazarov A.,1456.211316237208,1500.0,1446.126114563454,1500.0
Zuk K.,1456.1984679792795,1486.7991372738159,1476.5687323024251,1500.0
Hernandez A.,1456.1581807892878,1458.0022210521865,1504.4356638898175,1500.0
King D.,1456.0722865002183,1500.0,1451.1076742987002,1500.0
Dougaz A.,1455.9832675597995,1489.1417644668531,1465.5165575907438,1500.0
Bester P.,1455.8587783916473,1500.0,1456.9233198743582,1500.0
Kuerten G.,1455.8281586135715,1557.5385752190841,1561.075853786064,1507.4118438583944
Dutra Silva R.,1455.6578589461728,1447.3147501766643,1474.391011630727,1391.0806991501163
Terachi T.,1455.5618180732786,1500.0,1461.24780244597,1500.0
Rodriguez M.,1455.4921775048779,1467.6466830395552,1500.0,1500.0
Ketola T.,1455.3812288293475,1500.0,1488.3871699633562,1446.3008590362515
Popp A.,1455.2033036539697,1363.4454290889146,1382.5073412201052,1603.7408286850427
Lopez M.,1455.1753766598624,1467.7542957834592,1499.3016850620018,1480.1973041306478
Authom M.,1455.168214253107,1500.0,1447.6066798488837,1500.0
Galan D.E.,1455.136224873715,1447.7632833262408,1436.1150860472676,1565.3812817664145
Pavel A.,1455.1264034337844,1545.1682571009612,1434.1978853967062,1451.0255212407994
Kypson P.,1454.8412792980307,1469.270355232424,1488.817351217646,1500.0
Jonsson F.,1454.7590901119556,1489.0257112744719,1480.8834058670727,1482.928946018461
Di Pasquale A.,1454.5109519686625,1500.0,1444.956654116957,1500.0
Searle H.,1454.466795531227,1500.0,1500.0,1435.7648737411284
Garza D.,1454.3977092539749,1467.2027479345422,1492.5631884329177,1500.0
Kratochvil M.,1454.284286390031,1471.1182767051987,1438.8500502919985,1510.216172234211
Loffhagen G.,1454.125240324938,1500.0,1500.0,1404.572804405634
Massa E.,1454.1218979032321,1459.483033694147,1493.9244682789529,1478.8397079567624
Skugor F.,1453.9590756704915,1449.950746162953,1509.992559093462,1428.070164537809
Golovanov D.,1453.8378022904333,1500.0,1468.4112452332322,1468.2181002184375
Smeets R.,1453.7433486193522,1488.8594722106493,1455.6236969082177,1500.0
Nestor D.,1453.6735772446248,1500.0,1458.3433551099024,1486.7381484887494
Dev Varman S.,1453.5963739471251,1500.0,1457.4740496221011,1500.0
Pospisil J.,1453.5681063414997,1469.096363444965,1496.8324298964549,1463.1937748566438
Jaziri M.,1453.5281288455956,1499.1026450641136,1477.1929446020472,1369.0228330573318
Lopez Villasenor G.,1453.345041203547,1500.0,1446.9836016547256,1500.0
Mektic N.,1453.2006476397928,1495.7510345497537,1446.283721296126,1500.0
Tahiri M.,1452.9989676228754,1459.0025083243465,1500.0,1500.0
Khalfan S.,1452.942701002493,1500.0,1445.3704471659794,1500.0
Bryan B.,1452.891298506214,1459.0454110826486,1465.4230655917968,1509.907997573261
Sun P.,1452.695275843937,1500.0,1455.5670015824955,1500.0
Hormazabal G.,1452.6441308111223,1467.596316969119,1500.0,1500.0
Londero J.I.,1452.617604822901,1518.089670448639,1438.6113397855547,1450.5837429597048
Kukushkin M.,1452.3358453466979,1412.295300706491,1456.5349337290663,1517.8334322631883
Fleishman Z.,1452.3353200410622,1500.0,1441.391788840991,1478.6512521872673
Pavic M.,1452.3106430427376,1483.2304745093932,1470.3555592454438,1474.8270174270351
Travaglia S.,1451.8922481838229,1470.2411604434858,1457.565169140943,1437.0834801383392
Mankad H.,1451.7691651014745,1500.0,1466.2039238027278,1480.751765898673
Mejia N.,1451.678182713193,1500.0,1449.7531307403292,1500.0
Daniel T.,1451.671897981721,1465.9042313569737,1474.038907989161,1335.0489130573624
Cipolla F.,1451.5013491106126,1452.8221252686785,1469.8854312898686,1397.3883438532625
Coric B.,1451.1155764642501,1575.8247197138926,1470.135809847459,1530.7155275799219
Boutter J.,1451.0073857419736,1527.9210027110394,1424.8416008067816,1384.6194884603005
Gomez E.,1450.9501392838029,1477.198940297785,1447.6048432690177,1500.0
Ze Z.,1450.9421700892758,1500.0,1443.6696079747294,1500.0
Rubin N.,1450.883948397431,1475.7355530644932,1477.401761638459,1444.1547173728588
Vanek J.,1450.689484086874,1489.2958513529254,1363.8934266304746,1407.4636951048851
Bloomfield R.,1450.6582219397742,1500.0,1476.5843442178257,1443.1446061530726
Saville L.,1450.607958719755,1500.0,1442.8130702999747,1467.7730086996755
Golding O.,1450.6049847963495,1500.0,1500.0,1430.391416305437
Cakl T.,1450.3361084324238,1498.969619937977,1437.9816651260735,1500.0
Wang Y.,1450.324973157387,1488.7824789718222,1462.2394202664175,1500.0
Ehrat S.,1450.2642614739348,1460.0373971023835,1500.0,1500.0
Armando H.,1450.0822115988594,1425.2331942991361,1497.2068631175891,1500.0
Ulihrach B.,1449.9218426447558,1429.5781841675444,1516.0079830943994,1407.502071253914
Koellerer D.,1449.8805911430816,1467.7097274684033,1500.1517086117906,1411.0561061951282
Goellner M.K.,1449.747137639051,1450.4462923157885,1510.1875034546226,1500.0
Chiudinelli M.,1449.5069965007724,1462.134965735161,1453.976494863612,1463.5795577194228
Mutis O.,1449.493049393628,1521.2556666594007,1391.156783482254,1482.214760433529
Evans B.,1449.40432915462,1500.0,1391.562600261428,1519.6043639674888
Escobedo E.,1449.3650909115968,1469.1454910415466,1433.0431608184383,1459.6853425180473
Prpic F.,1449.1780832414097,1449.6719249214734,1487.5147706683433,1500.0
Taino E.,1449.0096474245797,1491.9002406794568,1448.3509286603266,1500.0
Charpentier M.,1449.0054584519696,1468.0429753005649,1489.0533914803755,1500.0
Dabul B.,1448.9225484781857,1448.81508713148,1484.6066107737192,1477.8285731805586
Onoda M.,1448.8040775920767,1500.0,1450.5639863253523,1500.0
Menendez-Maceiras A.,1448.4656052258308,1462.7948740783258,1467.4233839035421,1454.2030355533818
Blake T.,1448.4170675891278,1488.0,1467.4653583593847,1498.5503808267656
Diez S.,1448.389026245147,1446.4322234639608,1493.4102425936837,1500.0
Klein B.,1448.2527745188845,1500.0,1477.4492295057657,1439.3696044287901
Vliegen K.,1448.1844913140542,1481.5037730873623,1445.0130341190927,1437.42933449828
Carraz G.,1448.1089996454587,1470.699226096798,1447.5092849296664,1496.2743483059965
Parmar A.,1447.8765093696643,1500.0,1485.4197710778453,1422.5677052215522
Moller E.,1447.8495770737018,1461.1573138424446,1492.0795031026562,1479.947150076463
Miranda I.,1447.7997627614834,1488.2210335025948,1439.6313213709461,1516.893571966307
Mathieu P.H.,1447.307178439193,1533.2862838867704,1439.6831239939982,1509.760218912842
Mcgee J.,1447.1967608461307,1500.0,1448.086971333746,1500.0
Gomez L.,1447.096045950647,1500.0,1432.324599316476,1500.0
Tabara M.,1447.056078648671,1463.8053255121329,1513.0245267599987,1440.2259720749137
O'Brien A.,1446.847846836835,1500.0,1444.9255802259047,1500.0
Velotti A.,1446.737377089893,1459.685714941311,1500.0,1500.0
Gicquel M.,1446.4467455489423,1480.2403374164503,1543.2685939659204,1433.626496994232
Snobel P.,1446.350136078173,1500.0,1451.979359401351,1478.4052257915118
El Aarej M.,1446.004442802157,1457.4938080484596,1500.0,1500.0
Zimonjic N.,1445.938100371306,1475.431729085049,1433.8476930914455,1513.4655799038696
Djokovic M.,1445.9199501039027,1477.5861810214283,1476.8410860110998,1500.0
Wu D.,1445.565773419721,1500.0,1420.4056798233275,1500.0
Jun W.S.,1445.3373291980156,1488.1601121337624,1475.4327321811502,1477.1312681936613
Gross O.,1445.3053824905678,1466.8939384971732,1500.0,1481.8759617259784
Weintraub A.,1444.7192369842387,1500.0,1451.2032717309921,1478.5945478349875
Polmans M.,1444.6285466001796,1503.3499202963399,1406.2905270916885,1476.9815302956497
Eriksson M.,1444.1353229364465,1468.7586287287652,1481.1467626250023,1500.0
Williams R.,1443.6358736019515,1494.2842796537113,1455.6541658748965,1468.853575195405
Pashanski B.,1443.2538895977068,1437.3991668440726,1506.6955103976868,1437.586454631113
Kovacevic A.,1443.137154919806,1422.905865425184,1456.0799030550095,1470.6046749091242
Abel M.,1443.0061172567296,1485.7076770922704,1459.0580016147965,1486.0113332087312
Huesler M.A.,1442.921960706212,1448.0097692827937,1488.4734458851465,1436.9576983285301
Paes L.,1442.8266407976464,1500.0,1440.0107862389048,1503.9135382524496
Munoz-De La Nava D.,1442.3889848583735,1441.9860632200307,1488.5880472903393,1500.0
Kadhe A.,1442.376908362823,1500.0,1437.1555408649617,1500.0
Jones A.,1442.1855108150235,1500.0,1423.2963341930765,1500.0
Sousa J.,1442.0479749929493,1462.009124295344,1489.1320130572487,1458.687001822208
Giannessi A.,1442.020814904281,1469.3336744979158,1457.9625640607576,1500.0
Gonzalez S.,1441.9862499355868,1477.5333949539947,1481.213423789923,1464.5293192471606
Pretzsch A.,1441.9202309921122,1480.9481876815046,1463.3228075089812,1469.298238583976
Bopanna R.,1441.3952444269394,1500.0,1419.9675620955493,1477.7781963114273
Kendrick R.,1441.2104010862076,1428.6932646703287,1486.6038194124262,1397.6174120293554
Shelbayh A.,1441.1127131400842,1478.570738240824,1467.396694294607,1462.8292231611265
Allegro Y.,1441.0242137240884,1492.2502199215285,1468.2652629456486,1457.5638369225271
Prieto S.,1440.8875803922542,1463.0078134341215,1500.0,1500.0
Vacek J.,1440.586086663083,1439.0632605938004,1331.2748583166015,1543.0588704830102
Mello R.,1440.5512018081097,1464.4832940907938,1424.5302310511543,1403.509038148691
Lindell C.,1440.2736737815658,1460.3232441245787,1482.6789258219849,1500.0
Horansky F.,1440.2220343015076,1464.5186508393733,1488.771444278618,1479.605352234803
Kavcic B.,1440.2110281074663,1474.3974807222305,1451.994741823902,1393.8394410081112
Zeppieri G.,1439.8255998257748,1460.7918530224372,1455.0739311329214,1464.9229752550543
Kim K.,1439.6789262209793,1448.5025512463137,1434.8905318412073,1390.336958224445
Haider-Maurer A.,1439.4511089180855,1448.1003415525715,1460.477423774164,1393.2786391102857
Barrios M.,1439.2699538009972,1450.0204145788412,1481.0377964355198,1509.2317025980108
Marti J.,1439.231744156802,1441.5939754583264,1492.416392279621,1493.8650548801206
de Chaunac S.,1439.2314256007926,1482.4370142447897,1429.2347640992023,1500.0
Santillan A.,1439.1756334177749,1474.5685682859314,1461.878278996291,1498.9080406405506
Kudryavtsev A.,1439.0495854282412,1486.7409861123976,1452.6958560119724,1465.2162498753214
Dustov F.,1439.0494363472271,1454.3835716969138,1500.0,1469.5350091978792
Hassan B.,1438.4314653172792,1474.3994751930447,1465.3990431783075,1500.0
Marterer M.,1438.333263080963,1450.4256043065088,1432.458161174587,1466.4691249138102
Reynolds B.,1438.2880393371609,1492.458516746452,1385.0118767334748,1452.3356314513844
Savolt A.,1438.2237051413247,1480.5040820802803,1398.5543023571483,1445.4784549188616
Lindahl N.,1437.9933326868822,1489.144455584148,1440.7596047089683,1500.0
Mitchell B.,1437.8611494333584,1500.0,1434.94479688405,1500.0
Luczak P.,1437.5249176429852,1402.580248339631,1446.8558195785265,1527.2398301033309
Lama G.,1437.399667377304,1466.0195105840066,1484.0,1500.0
Vatutin A.,1436.8877246523462,1475.959080529008,1454.7416157559753,1500.0
Ziadi M.,1436.858964574398,1450.0325130810409,1500.0,1500.0
Tuksar S.,1436.505775811027,1458.5533558082468,1480.5318414576473,1500.0
Ilhan M.,1436.362136918315,1429.8735277604071,1427.6793346458537,1479.2435237487211
King-Turner D.,1435.3514331683218,1500.0,1423.0297587902442,1500.0
Ledovskikh M.,1434.8568487110695,1486.8028015587438,1461.288201141759,1436.0848531439142
Landaluce M.,1434.7027775108745,1444.2237277905924,1484.344844935415,1500.0
Blancaneaux G.,1434.1886031983165,1485.988770399058,1431.8943143904185,1500.0
Klec I.,1434.1288126593292,1467.9505320388296,1469.9181699944936,1500.0
Waske A.,1434.1253255235247,1451.8769713762297,1368.6532973930991,1410.9576751826937
Woodruff C.,1434.040151578025,1458.5683380573805,1473.9974158879807,1485.0070011302976
Hocevar R.,1433.806400186366,1458.5804909990604,1490.3918468665718,1500.0
Eysseric J.,1433.707151566776,1454.7710653908523,1478.8223288141246,1500.0
Zib T.,1433.535821249935,1434.031788864207,1373.502894785036,1473.4715679635342
Cox D.,1433.4841749050913,1500.0,1500.0,1402.8456013368664
Verdasco F.,1433.382548090866,1542.012095620675,1507.4945307616952,1555.8750101327266
Nielsen M.,1433.3778200725058,1500.0,1428.9889504865737,1500.0
Venus M.,1432.7202648397788,1487.427593837359,1431.3577889620603,1500.0
Norman D.,1432.6848118186704,1420.6960277993028,1433.9409173040385,1460.8414519272249
Spadea V.,1432.595721031984,1471.4886729412956,1425.623189468761,1508.8038021477735
Janvier M.,1432.1089773926415,1464.818814106538,1484.1485442780202,1470.227853406704
Bahrouzyan O.,1431.7742497105394,1500.0,1427.321678046336,1500.0
Topo M.,1431.6581922749615,1449.600680552085,1485.074787690464,1500.0
Mertinak M.,1431.6163862425335,1469.0200065167016,1482.928108707193,1472.6226758859793
Knippschild J.,1431.6118833813584,1468.2144268747795,1457.6868015248215,1471.2950760511058
Massu N.,1431.4869428570241,1478.8514107149492,1500.7456503660728,1414.1889755919558
Luzzi F.,1431.4299936332243,1463.4389078006966,1445.7331164353723,1500.0
Clavet F.,1431.3416273776422,1392.0158577988334,1487.8198653164031,1444.5286642966003
Luxa P.,1431.2187935742313,1500.0,1460.074122069463,1462.4399784913112
Lisnard J.R.,1431.0737915551233,1409.0252339103556,1457.420253131182,1451.717316679688
Morrison J.,1431.0694195494405,1477.3341243985553,1449.3438491515074,1471.0387888439748
Hajek J.,1431.0499359608925,1502.332446587799,1321.9808929180908,1439.4615718694656
Estrella Burgos V.,1430.8448383622115,1552.276651262237,1406.7676380578876,1395.702680299308
Sijsling I.,1430.743034631972,1450.3131373388032,1428.490377029669,1476.1762671180484
van Scheppingen D.,1430.7393047918863,1462.3192336683287,1456.3072302703542,1443.8447166748042
Salva B.,1430.280087316411,1469.0213745353362,1468.6942170762943,1500.0
Aldi F.,1429.914233403626,1453.1246570348344,1490.28153594898,1500.0
Summerer T.,1429.7358232986517,1459.9847777323835,1480.9438931507289,1485.9086647200031
Yani M.,1429.5670606195192,1458.510886005703,1419.3914479657521,1530.223841534477
Weiner G.,1429.514884625475,1500.0,1426.1708920696694,1485.1500309351811
Recouderc L.,1429.375047072214,1481.0645346285044,1421.368639584702,1500.0
Iwabuchi S.,1429.240595030146,1500.0,1430.8171889575838,1500.0
Jenkins S.,1429.2227746378805,1483.8993045609625,1416.1133910663364,1502.646915119456
Alves T.,1429.119644339687,1444.0571190768162,1446.6820835747217,1486.2019272858097
Crabb J.,1428.746112493896,1500.0,1430.3056779641247,1500.0
Vik R.,1428.512231696928,1493.2856672059115,1480.9618820863877,1448.8473875749694
Barrientos N.,1428.3185276970703,1463.332971001056,1483.3104088550326,1500.0
Alvarez E.,1428.24575460935,1466.469672507373,1468.7167711843658,1500.0
Serdarusic N.,1428.2320024711137,1457.4745618521658,1466.4288661943006,1500.0
Gimelstob J.,1428.1025561938295,1435.641025893905,1411.4415250921136,1511.2970229735172
Blanco G.,1428.0620163771944,1474.9907408177744,1358.609773564551,1423.5639148027592
Junqueira D.,1427.7403040360998,1426.6890644684577,1484.1693657832825,1479.3616684932676
Klahn B.,1427.5631670368537,1441.5178509346974,1439.5369266581172,1444.7204947192104
Sousa P.,1427.2040315341305,1463.995468729031,1454.6393414315885,1475.3242728860184
Marach O.,1426.841869144751,1466.9053756053681,1440.730047509623,1468.349777178429
Medvedev A.,1426.4953323975355,1440.1676689735577,1506.454227374578,1467.8184389706582
di Pasquale A.,1426.3088104725198,1431.1529340297927,1450.165649155149,1500.0
Reister J.,1426.224151108971,1449.3705398319491,1395.373104013443,1485.2868743408294
Kindlmann D.,1426.1289461115684,1451.8230417455075,1466.3618812565135,1500.0
Benchetrit E.,1426.0710688721445,1449.5656167339444,1458.6392923618394,1500.0
Motomura G.,1425.6114609175816,1500.0,1426.78415650597,1498.4570223578585
Munoz De La Nava D.,1425.2554661950155,1435.6896862808776,1500.0,1500.0
Bastl G.,1424.6261298774264,1441.735686465657,1423.2728910511657,1423.6647446273184
Chang M.,1424.3133205217039,1457.0778752415029,1422.608699191071,1476.386011102458
Przysiezny M.,1424.0591709675798,1393.3877290441158,1446.9458470505729,1449.6528496242408
Perez D.,1423.934135297962,1438.3715841670767,1500.0,1500.0
Hemery C.,1423.3699022517164,1474.8495454730908,1441.5356026832285,1500.0
Karanusic R.,1421.761681861149,1463.3917024101997,1388.8459738684971,1476.4641645824515
Naso G.,1421.6883291931717,1425.817335472326,1500.0,1500.0
Gunneswaran P.,1420.9252368658792,1483.130373374038,1399.7137797671016,1470.954534237461
Tu L.,1420.8243198059429,1500.0,1419.6229571635645,1463.733468347547
Galvani S.,1420.6066215811072,1426.1840326229228,1433.3445948912236,1473.43528949367
Childs L.,1420.2160910467232,1500.0,1500.0,1390.7642936641437
Gonzalez M.,1420.1518470149344,1452.3027208065957,1408.900303907377,1423.3898369299272
Kuznetsov Al.,1420.1362315419583,1479.0199340973293,1456.6024134037866,1415.7400791963198
Polansky P.,1419.8780796130632,1427.6206526659412,1446.7971483460612,1452.2831303461412
Ramanathan R.,1419.8587213368987,1500.0,1354.469706037631,1576.3486188175027
Gonzalez A.,1419.3370564021022,1427.2784990041466,1464.7168386709632,1449.3028355605177
Nedovyesov A.,1419.2983740335392,1462.3009089789728,1459.0283252684055,1446.7663232232107
Lopez F.,1418.6111118099361,1482.7590656115176,1440.9360725779977,1568.5434472570169
Fraile G.,1417.884971328656,1442.8240762633652,1491.2428751815578,1500.0
Bruguera S.,1417.5455923091315,1484.7051981761924,1416.5759903664086,1466.8832552774677
Gaudenzi A.,1417.4402029575508,1500.0296536332787,1361.571884771669,1467.311220266654
Beck A.,1417.2098902906268,1426.4816360908983,1460.2846543655264,1513.2367495779276
Silva J.,1417.2051802223627,1442.9773203206255,1457.5873973213297,1500.0
Brzezicki J.P.,1416.7621619363097,1463.8520662323892,1442.8959069122584,1500.0
Voinea A.,1416.592547957919,1443.9285905212066,1475.2774060588167,1477.136884775724
Li Z.,1416.4385512263207,1500.0,1412.8674533099384,1500.0
De Voest R.,1415.6122550804812,1500.0,1410.3077663763302,1443.2737507930524
Vacek D.,1415.2768585788792,1500.0,1420.5458290612507,1462.3750728167317
Haehnel J.,1415.1913761833716,1430.2687132010658,1531.433507582197,1445.1233855225773
Brasington J.,1414.993319706461,1491.1914807699811,1433.2210823729574,1470.054781563987
Vanni L.,1414.4961768172152,1470.625854729189,1427.4256788326275,1461.160784271159
Ilkel C.,1414.4058480691256,1460.7664046400544,1451.636946620826,1442.16897035946
Heuberger I.,1414.3422127535316,1421.7933886913315,1421.4250991802764,1454.1476206090913
Kuznetsov A.,1413.729554927792,1498.0738332139285,1379.4266115306539,1480.1126725778504
Stoliarov A.,1413.6604720066039,1459.1826981452634,1409.868415833798,1459.4607142165844
Safwat M.,1412.821720720487,1479.2267691754548,1413.2831819040796,1505.8711127003294
Kwiatkowski T.S.,1412.8180348033982,1500.0,1414.8949401921811,1480.0004434602918
Elseneer G.,1412.7990574217388,1493.3659945543666,1410.3333963330501,1475.0509957659508
Novak D.,1412.0199090205003,1454.148069515065,1413.5364942039294,1483.336567248176
Okun N.,1411.6137345413001,1501.148944081171,1400.3842248113638,1393.5858047220033
Lapentti G.,1411.2606317106934,1442.0967781165702,1452.3711537513589,1474.5953125908122
Godwin N.,1410.9113675086073,1500.0,1386.1635910501561,1490.712573690789
Caruso S.,1410.8473261639278,1428.8755148999458,1479.5373001846483,1450.5179032412286
Holt B.,1410.823817557875,1488.0,1404.8933824772928,1475.8590076115597
Guzman J.P.,1410.3098747699999,1447.437046320624,1473.2850258036233,1466.2870842200514
Clarke J.,1410.0372976474541,1500.0,1483.0176673495505,1372.234550403686
Gaio F.,1409.6893461586524,1480.2530093242594,1405.3855640359175,1500.0
Ram A.,1409.3742873546116,1500.0,1406.8946788995418,1470.7816187509886
Capdeville P.,1409.3328887825992,1441.7998109907373,1452.2216811777087,1400.2703421417789
Lu Y.,1408.619308391537,1493.0782441767522,1442.324422502042,1458.2591594320095
Balcells J.,1408.5700758609507,1498.5166296752668,1416.5858156455515,1427.966964611644
Schnur B.,1408.4060275796437,1500.0,1434.6678792026044,1438.15503939823
Salzenstein J.,1407.591837925799,1481.742410941538,1419.055826813677,1468.1929122532856
Hipfl M.,1407.475152605564,1454.5803698895754,1456.2165949230557,1419.7964119760034
Crivoi V.,1406.3351956641193,1436.4209257284797,1449.933909424897,1466.5611589879047
Coppejans K.,1405.9933700310314,1448.5208320362299,1457.6602258003902,1473.870797738251
Lestienne C.,1405.0142590516023,1436.9550626278458,1436.5713605617486,1400.7898555839006
di Mauro A.,1404.9312027349679,1403.0010717940079,1481.6447464555051,1462.6852983480117
Caratti C.,1403.8648295473326,1500.0,1413.3400937824579,1467.262784989697
Patience O.,1403.8306910490712,1435.2765499140285,1367.0087600700188,1484.8892368411382
Pless K.,1403.3309042541246,1430.3386000004064,1430.5526233862404,1380.0039183897557
Puentes G.,1403.1256468705076,1442.9919540754101,1454.2311924471585,1499.450028377007
Ventura S.,1402.2173502313667,1482.9535194414082,1391.878628052287,1364.7268856337978
Nagal S.,1401.4842141241033,1486.4511021787498,1375.255846589484,1470.8339490617652
van Lottum J.,1401.2266092433674,1473.4435613291323,1434.7146941774035,1439.0944722256277
Hernandez O.,1399.866274700261,1491.1287815455726,1313.6935963857945,1352.9231593082748
Guez D.,1399.8400768440454,1468.3993707709965,1407.9120954338805,1500.0
Kravchuk K.,1399.0737232644387,1517.3051292770574,1359.3361747669928,1442.029195588823
Calatrava A.,1398.9468975148018,1420.2474796066726,1391.0185320283645,1446.344593453388
Souza J.,1398.5438637850857,1420.7915184205553,1417.5452142577194,1468.8473351854016
Dosedel S.,1398.415199232035,1452.3225855672745,1418.0682671138436,1503.929277311016
Galimberti G.,1398.2339554339283,1462.908790407414,1410.330232851896,1500.0
Vassallo-Arguello M.,1397.7191762057328,1484.4615432912137,1349.851044335854,1453.928339752603
Clezar G.,1397.7129038914281,1434.1371098120408,1473.993715301603,1500.0
Delgado J.,1397.5770606466358,1490.1751162688802,1427.3906627002802,1410.6811921878063
Paire B.,1397.505421216317,1426.9700716319328,1493.2397724849568,1557.1152908515937
Kunitsyn I.,1395.729359508931,1416.8037653054537,1430.3547200053656,1421.9149352228842
Lokoli L.,1395.298334115341,1469.434458305996,1421.7622586481082,1468.7347351936673
Siemerink J.,1394.5923003379214,1446.650876881444,1494.684562913128,1444.7945279755002
Knowle J.,1393.4322352273844,1430.9545683052881,1407.48118936527,1443.8652766241194
Kempes E.,1393.2863292042764,1488.2323404845167,1438.0325553075409,1435.0750347951582
Baker J.,1392.5587724299369,1500.0,1466.7858473162282,1365.5020942054218
Beck K.,1391.714357973466,1356.3624454497026,1409.990894321788,1462.3060235379842
Bogdanovic A.,1391.6162573312731,1500.0,1456.3890950384684,1355.1912506946092
Burgsmuller L.,1390.560212435102,1401.969501072079,1392.3714069227285,1423.1143523778326
Hantschk M.,1390.4116497382497,1445.9341683190764,1428.5806078463304,1500.0
Economidis K.,1389.8466966976227,1499.9811362164062,1418.5604259032318,1437.6443965069675
Lee M.,1389.1188597943724,1457.5174848704967,1400.083490975331,1462.0798747760464
Dellien H.,1388.3356925481237,1427.7270554769752,1380.1232836221293,1413.7854225113276
Kim A.,1387.8745901939524,1452.202154862058,1402.7391046373818,1482.0845729184932
Tarango J.,1386.835479841722,1500.0,1398.4640690603233,1480.0662003780633
Behrend T.,1385.9301851187386,1464.368654204166,1391.9869245580367,1413.5416465537357
Fromberg R.,1385.857495836502,1455.8981977400217,1416.0638397377475,1500.0
Sa A.,1385.507431576184,1413.661405791192,1402.1890674591616,1497.4861458664136
Peya A.,1384.704468138229,1424.6455126306219,1490.6443741236171,1376.419723132728
Huta Galung J.,1384.246336154523,1468.161366087387,1390.9627520265751,1461.593740759596
Simoni A.,1383.8725210374578,1491.323833968261,1427.8354559297622,1433.3380278542318
Machado R.,1383.5840431058646,1424.459130397588,1405.5131396944776,1469.8671107071243
Bohli S.,1382.8948502626201,1465.6083503718708,1397.779877598891,1480.0
Mamiit C.,1381.41070605578,1455.026029336284,1410.4903786435837,1399.8874590471144
Goodall J.,1380.6167034153577,1500.0,1482.3492823032664,1357.3958577043054
Ungur A.,1380.4274038888611,1434.8153651269045,1431.0492456651655,1435.6447056839288
Ward J.,1379.8045836938195,1454.2134548569968,1413.6026950800317,1337.4732125335468
Nielsen F.,1378.5549086811532,1492.8796684498002,1407.1659532901328,1441.7268400526675
Riba P.,1375.9346434735323,1434.4443621880127,1377.0910946231415,1412.9054940305239
Vahaly B.,1375.830412584784,1446.8991026699007,1386.925740486848,1454.3187128065756
Tseng C.H.,1375.3429635745406,1469.613228325466,1418.0890066013542,1422.7387840364174
Roitman S.,1375.073348524275,1439.1496431698336,1357.5617355906518,1428.1343289203169
Mackin A.,1374.508223230608,1482.9421652697217,1445.426632564576,1365.867737908625
Arguello F.,1374.2201385437515,1393.0402459633895,1500.0,1486.6415943688005
Krajan Z.,1372.4794727903181,1421.445442227178,1437.6787793253782,1468.9222923160378
Sabau R.,1371.113789362341,1431.1042068508689,1416.6272406936455,1432.2749387221634
Elsner D.,1366.9216541447283,1422.7900549211433,1449.942541184526,1467.5406914054672
Rochus C.,1365.8195253507254,1453.5359902360103,1390.6923625739478,1276.277430692377
Eschauer W.,1364.0346759332656,1449.4737367851292,1375.064948208798,1512.7400638660756
Fukarek O.,1362.2636707006013,1477.415304630015,1382.9546093582828,1483.5173133848525
Marin J.A.,1362.0492967792138,1396.1017952011007,1458.6474227799686,1500.0
Prinosil D.,1361.8503592993104,1442.7509761870817,1366.2159583181146,1479.2838836948065
Alami K.,1361.588469659719,1460.1575083039206,1372.8873740419715,1500.0
Ramirez-Hidalgo R.,1361.4978832658135,1393.1786814499205,1378.1708955200452,1361.2310760785208
Daniel M.,1361.448448796918,1460.0691476826667,1306.5272299258436,1412.57784908616
Diaz J.,1360.3525012543937,1474.1944615084929,1368.3927079583434,1469.4445530408382
Vinck C.,1359.6234600400755,1439.8151063423034,1416.4259121703572,1480.0
Smith J.P.,1358.8935561993844,1500.0,1349.4012878322073,1473.6180063130942
Ascione T.,1355.0031031502028,1414.1751888598362,1394.9376077414533,1432.503207897629
Garcia A.,1351.1908270081572,1447.106411137536,1419.4502793059264,1461.3317729995526
Fischer M.,1348.6529604720256,1410.7777273156248,1436.065032771421,1465.764365971577
Ilie A.,1341.4607615611146,1456.6654501475862,1387.7020073070294,1442.1958424249067
Udomchoke D.,1333.8046414552784,1460.7080559972885,1338.8828057998212,1425.0028675068343
Prodon E.,1331.4012970703773,1377.2170093744467,1449.6130399933352,1500.0
Volandri F.,1330.4003964789292,1406.2307560411446,1220.552829971685,1346.304608812711
Pozzi G.,1328.9194448943404,1434.1160780172997,1405.6711022605166,1433.0447635439643
Vicente F.,1324.294042283432,1411.3520348061866,1403.8190045120966,1434.9729584378154
Levy H.,1322.2059595787186,1421.2994501258158,1340.9559732333928,1429.6736016829063
